COMPANY,COUNTRY,MARKET,MARKET NAME
360Networks Inc.,Canada,OTC,Over-the-Counter Market 
3DLabs Inc. Ltd.,Bermuda,NMS,Nasdaq Stock Market-National Market System 
724 Solutions Inc.,Canada,NMS,Nasdaq Stock Market-National Market System 
A B Electrolux,Sweden,NMS,Nasdaq Stock Market-National Market System 
A B SKF,Sweden,NMS,Nasdaq Stock Market-National Market System 
A B Volvo,Sweden,NMS,Nasdaq Stock Market-National Market System 
A R T International Inc.,Canada,OTC,Over-the-Counter Market 
A.O. Tatneft,Russia,NYSE,New York Stock Exchange 
ABB Ltd.,Switzerland,NYSE,New York Stock Exchange 
Abbey National plc,United Kingdom,NYSE,New York Stock Exchange 
Aber Diamond Ltd.,Canada,SM CAP,Nasdaq Stock Market-Small Cap Market 
Abitibi Consolidated Inc.,Canada,NYSE,New York Stock Exchange 
ABN Amro Holding N.V.,Netherlands,NYSE,New York Stock Exchange 
Acambis plc,United Kingdom,NMS,Nasdaq Stock Market-National Market System 
Accelio Corp.,Canada,NMS,Nasdaq Stock Market-National Market System 
Acetex Corp.,Canada,OTC,Over-the-Counter Market 
Achieva Development Corp.,Canada,OTC,Over-the-Counter Market 
Acindar Industria Argentina de Aceros S.A.,Argentina,OTC,Over-the-Counter Market 
ACLN Ltd.,Cyprus,NYSE,New York Stock Exchange 
ACS-Tech 80 Ltd.,Israel,SM CAP,Nasdaq Stock Market-Small Cap Market 
ActFit.com Inc.,Canada,OTC,Over-the-Counter Market 
ActivCard S.A.,France,NMS,Nasdaq Stock Market-National Market System 
Active Assets & Associates Inc.,Canada,OTC,Over-the-Counter Market 
ADB Systems International Inc.,Canada,NMS,Nasdaq Stock Market-National Market System 
Adecco S.A.,Switzerland,NYSE,New York Stock Exchange 
Adrian Resources Ltd.,Canada,OTC,Over-the-Counter Market 
Advance Agro Public Co. Ltd.,Thailand,OTC,Over-the-Counter Market 
"Advanced Semiconductor Engineering, Inc.",Taiwan,NYSE,New York Stock Exchange 
Advantest Corp.,Japan,NYSE,New York Stock Exchange 
AdvantExcel.com Communications Corp.,Canada,OTC,Over-the-Counter Market 
AEGON N.V.,Netherlands,NYSE,New York Stock Exchange 
Aerco Ltd.,United Kingdom,OTC,Over-the-Counter Market 
AES Drax Holdings Ltd.,United Kingdom,OTC,Over-the-Counter Market 
AES Drax Power Finance Holdings Ltd.,United Kingdom,OTC,Over-the-Counter Market 
Aeterna Laboratories Inc.,Canada,NMS,Nasdaq Stock Market-National Market System 
Agnico-Eagle Mines Ltd.,Canada,NYSE,New York Stock Exchange 
Agrium Inc.,Canada,NYSE,New York Stock Exchange 
AimGlobal Technologies Co. Inc.,Canada,AMEX,American Stock Exchange 
Ainsworth Lumber Co. Ltd.,Canada,OTC,Over-the-Counter Market 
Air Canada,Canada,NMS,Nasdaq Stock Market-National Market System 
Akzo Nobel N.V.,Netherlands,NMS,Nasdaq Stock Market-National Market System 
Aladdin Knowledge Systems Ltd.,Israel,NMS,Nasdaq Stock Market-National Market System 
Alberta Energy Co. Ltd.,Canada,NYSE,New York Stock Exchange 
Alcan Inc.,Canada,NYSE,New York Stock Exchange 
Alcatel,France,NYSE,New York Stock Exchange 
"Alestra, S de R.L. de C.V.",Mexico,OTC,Over-the-Counter Market 
Alfa Laval Special Finance AB,Sweden,OTC,Over-the-Counter Market 
Algoma Steel Inc.,Canada,OTC,Over-the-Counter Market 
Alliance Atlantis Communications Corp.,Canada,NMS,Nasdaq Stock Market-National Market System 
Allianz Aktiengesellschaft,Germany,NYSE,New York Stock Exchange 
Allied Irish Banks plc,Ireland,NYSE,New York Stock Exchange 
Allura International Inc.,Canada,OTC,Over-the-Counter Market 
Almaden Resource Corp.,Canada,OTC,Over-the-Counter Market 
Alstom,France,NYSE,New York Stock Exchange 
"Altair International, Inc.",Canada,NMS,Nasdaq Stock Market-National Market System 
Altarex Corp.,Canada,OTC,Over-the-Counter Market 
Alto Palermo S.A.,Argentina,NMS,Nasdaq Stock Market-National Market System 
Aluminum Corp of China Ltd.,China,NYSE,New York Stock Exchange 
Alvarion Ltd.,Israel,NMS,Nasdaq Stock Market-National Market System 
Amarin Corp plc,United Kingdom,NMS,Nasdaq Stock Market-National Market System 
Amatek Industries Pty Ltd.,Australia,OTC,Over-the-Counter Market 
Amcor Ltd.,Australia,NMS,Nasdaq Stock Market-National Market System 
Amdocs Ltd.,United Kingdom,NYSE,New York Stock Exchange 
America Mineral Fields Inc.,Canada,OTC,Over-the-Counter Market 
"America Movil, S.A. de C.V.",Mexico,NYSE,New York Stock Exchange 
American Israeli Paper Mills Ltd.,Israel,AMEX,American Stock Exchange 
Amersham plc,United Kingdom,NYSE,New York Stock Exchange 
Amvescap plc,United Kingdom,NYSE,New York Stock Exchange 
Amway Japan Ltd.,Japan,OTC,Over-the-Counter Market 
Anangel-American Shipholdings Ltd.,Cayman Islands,NMS,Nasdaq Stock Market-National Market System 
"Anchor Lamina, Inc.",Canada,OTC,Over-the-Counter Market 
"Angiotech Pharmaceuticals, Inc.",Canada,NMS,Nasdaq Stock Market-National Market System 
Anglo Swiss Resources Inc.,Canada,OTC,Over-the-Counter Market 
Anglogold Ltd.,South Africa,NYSE,New York Stock Exchange 
Anooraq Resources Corp.,Canada,OTC,Over-the-Counter Market 
Antenna TV S.A.,Greece,NMS,Nasdaq Stock Market-National Market System 
Anthony Clark International Insurance Brokers Inc.,Canada,OTC,Over-the-Counter Market 
API Electronics Group Inc.,Canada,OTC,Over-the-Counter Market 
Apiva.com Web Corp.,Canada,OTC,Over-the-Counter Market 
APT Satellite Holdings Ltd.,Bermuda,NYSE,New York Stock Exchange 
Aracruz Celulose S.A.,Brazil,NYSE,New York Stock Exchange 
Aramex International Ltd.,Bermuda,NMS,Nasdaq Stock Market-National Market System 
ARC Energy Trust,Canada,OTC,Over-the-Counter Market 
Arcadis N.V.,Netherlands,NMS,Nasdaq Stock Market-National Market System 
Arch Capital Group Ltd.,Bermuda,NMS,Nasdaq Stock Market-National Market System 
Archangel Diamond Co.,Canada,OTC,Over-the-Counter Market 
Arel Communications & Software Ltd.,Israel,NMS,Nasdaq Stock Market-National Market System 
Argosy Minerals Inc.,Canada,OTC,Over-the-Counter Market 
Ariel Resources Ltd.,Canada,OTC,Over-the-Counter Market 
Arm Holdings plc,United Kingdom,NMS,Nasdaq Stock Market-National Market System 
Art Advanced Research Technologies Inc.,Canada,OTC,Over-the-Counter Market 
Aryt Industries Ltd.,Israel,OTC,Over-the-Counter Market 
ASAT Holdings Ltd.,Cayman Islands,NMS,Nasdaq Stock Market-National Market System 
ASE Test Ltd.,Singapore,NMS,Nasdaq Stock Market-National Market System 
Ashanti Goldfields Co. Ltd.,Ghana,NYSE,New York Stock Exchange 
Asia Pacific Resources International Ltd.,Bermuda,OTC,Over-the-Counter Market 
"Asia Pacific Resources, Ltd.",Canada,OTC,Over-the-Counter Market 
Asia Pacific Wire & Cable Corp. Ltd.,Bermuda,NYSE,New York Stock Exchange 
Asia Pulp & Paper Co. Ltd.,Singapore,OTC,Over-the-Counter Market 
Asia Satellite Telecommunications Holdings Ltd.,Bermuda,NYSE,New York Stock Exchange 
Asiacontent.com Ltd.,British Virgin Islands,NMS,Nasdaq Stock Market-National Market System 
ASM International N.V.,Netherlands,NMS,Nasdaq Stock Market-National Market System 
ASML Holding N.V.,Netherlands,NMS,Nasdaq Stock Market-National Market System 
Aspen Group Resources Corp.,Canada,OTC,Over-the-Counter Market 
AstraZeneca plc,United Kingdom,NYSE,New York Stock Exchange 
Astris Energi Inc.,Canada,OTC,Over-the-Counter Market 
AT Plastics Inc.,Canada,AMEX,American Stock Exchange 
AT&T Canada Inc.,Canada,NMS,Nasdaq Stock Market-National Market System 
ATI Technologies Inc.,Canada,NMS,Nasdaq Stock Market-National Market System 
Atlantic Caspian Resources plc,United Kingdom,OTC,Over-the-Counter Market 
Atlantic Telecom Group plc,United Kingdom,OTC,Over-the-Counter Market 
Atlas Pacific Ltd.,Australia,SM CAP,Nasdaq Stock Market-Small Cap Market 
ATNA Resources Ltd.,Canada,OTC,Over-the-Counter Market 
Attunity Ltd.,Israel,NMS,Nasdaq Stock Market-National Market System 
Audiocodes Ltd.,Israel,NMS,Nasdaq Stock Market-National Market System 
Aurizon Mines Ltd.,Canada,OTC,Over-the-Counter Market 
Aurora Metals BVI Ltd.,Canada,OTC,Over-the-Counter Market 
Australia & New Zealand Banking Group Ltd.,Australia,NYSE,New York Stock Exchange 
Autonomy Corp plc,United Kingdom,NMS,Nasdaq Stock Market-National Market System 
Avecia Group plc,United Kingdom,OTC,Over-the-Counter Market 
Aventis,France,NYSE,New York Stock Exchange 
AXA,France,NYSE,New York Stock Exchange 
Axcan Pharma Inc.,Canada,NMS,Nasdaq Stock Market-National Market System 
Ayotte Music Inc.,Canada,OTC,Over-the-Counter Market 
"Azteca Holdings, S.A. de C.V.",Mexico,OTC,Over-the-Counter Market 
Aztek Technologies Inc.,Canada,OTC,Over-the-Counter Market 
B & H Ocean Carriers Ltd.,Liberia,AMEX,American Stock Exchange 
Bakbone Software Inc.,Canada,OTC,Over-the-Counter Market 
Balaton Power Inc.,Canada,OTC,Over-the-Counter Market 
Ballard Power Systems Inc.,Canada,NMS,Nasdaq Stock Market-National Market System 
Baltimore Technologies plc,United Kingdom,OTC,Over-the-Counter Market 
Banco Bilboa Vizcaya Argentaria S.A.,Spain,NYSE,New York Stock Exchange 
Banco Bradesco S.A.,Brazil,NYSE,New York Stock Exchange 
Banco Comercial Portugues S.A.,Portugal,NYSE,New York Stock Exchange 
Banco de A. Edwards,Chile,NYSE,New York Stock Exchange 
Banco de Chile,Chile,NYSE,New York Stock Exchange 
Banco Espirito Santo e Comercial de Lisboa S.A.,Portugal,NYSE,New York Stock Exchange 
Banco Rio de la Plata S.A.,Argentina,OTC,Over-the-Counter Market 
Banco Santander - Chile,Chile,NYSE,New York Stock Exchange 
Banco Santander Central Hispano S.A.,Spain,NYSE,New York Stock Exchange 
Banco Santiago,Chile,NYSE,New York Stock Exchange 
Banco Totta & Acores S.A.,Portugal,NYSE,New York Stock Exchange 
BanColombia S.A.,Colombia,NYSE,New York Stock Exchange 
Bank of Montreal,Canada,NYSE,New York Stock Exchange 
Barak I.T.C. (1995) - International Telecommunications Services Corp.,Israel,OTC,Over-the-Counter Market 
Barbeques Galore Ltd.,Australia,NMS,Nasdaq Stock Market-National Market System 
Barclays Bank plc,United Kingdom,NYSE,New York Stock Exchange 
Barclays plc,United Kingdom,NYSE,New York Stock Exchange 
Barrick Gold Corp.,Canada,NYSE,New York Stock Exchange 
BASF Aktiengesellschaft,Germany,NYSE,New York Stock Exchange 
Battery Technologies Inc.,Canada,OTC,Over-the-Counter Market 
Baytex Energy Ltd.,Canada,OTC,Over-the-Counter Market 
BBVA Banco BHIF,Chile,NYSE,New York Stock Exchange 
BBVA Banco Frances S.A.,Argentina,NYSE,New York Stock Exchange 
BCE Inc.,Canada,NYSE,New York Stock Exchange 
BCI Telecom Holding Inc.,Canada,NMS,Nasdaq Stock Market-National Market System 
BE Semiconductor Industries N.V.,Netherlands,NMS,Nasdaq Stock Market-National Market System 
Beijing Yanhua Petrochemical Co. Ltd.,China,NYSE,New York Stock Exchange 
Bell Canada,Canada,OTC,Over-the-Counter Market 
"Belmont Resources, Inc.",Canada,OTC,Over-the-Counter Market 
Belzberg Technologies Inc.,Canada,OTC,Over-the-Counter Market 
Bema Gold Corp.,Canada,AMEX,American Stock Exchange 
Benetton Group S.p.A.,Italy,NYSE,New York Stock Exchange 
Benguet,Philippines,OTC,Over-the-Counter Market 
Bennett Environmental Inc.,Canada,AMEX,American Stock Exchange 
Berkley Resources Inc.,Canada,OTC,Over-the-Counter Market 
Bestel S.A. de C.V.,Mexico,OTC,Over-the-Counter Market 
BG Group plc,United Kingdom,NYSE,New York Stock Exchange 
BHP Billiton Ltd.,Australia,NYSE,New York Stock Exchange 
Biacore International AB,Sweden,NMS,Nasdaq Stock Market-National Market System 
Big Rock Brewery Ltd.,Canada,NMS,Nasdaq Stock Market-National Market System 
Bioforest Pacific Inc.,Canada,OTC,Over-the-Counter Market 
Biomira Inc.,Canada,NMS,Nasdaq Stock Market-National Market System 
Biora AB,Sweden,OTC,Over-the-Counter Market 
Biovail Corporation,Canada,NYSE,New York Stock Exchange 
Birch Mountain Resources Ltd.,Canada,OTC,Over-the-Counter Market 
Blue Square - Israel Ltd.,Israel,NYSE,New York Stock Exchange 
Boardwalk Equities Inc.,Canada,NYSE,New York Stock Exchange 
BOC Group plc,United Kingdom,NYSE,New York Stock Exchange 
Bonso Electronics International Inc.,British Virgin Islands,NMS,Nasdaq Stock Market-National Market System 
Bookham Technology plc,United Kingdom,NMS,Nasdaq Stock Market-National Market System 
BOS Better Online Solutions Ltd.,Israel,SM CAP,Nasdaq Stock Market-Small Cap Market 
Bouygues Offshore S.A.,France,NYSE,New York Stock Exchange 
BP plc,United Kingdom,NYSE,New York Stock Exchange 
Bracknell Corp.,Canada,OTC,Over-the-Counter Market 
Bradner Ventures Ltd.,Canada,OTC,Over-the-Counter Market 
Brandera.com Inc.,Canada,OTC,Over-the-Counter Market 
Brascan Corp.,Canada,NYSE,New York Stock Exchange 
Brasil Telecom Participacoes S.A.,Brazil,NYSE,New York Stock Exchange 
Brasil Telecom S.A.,Brazil,NYSE,New York Stock Exchange 
Bravo Resource Partners Ltd.,Canada,OTC,Over-the-Counter Market 
Breakwater Resources Ltd.,Canada,OTC,Over-the-Counter Market 
Brilliance China Automotive Holdings Ltd.,Bermuda,NYSE,New York Stock Exchange 
British Airways plc,United Kingdom,NYSE,New York Stock Exchange 
British Biotech plc,United Kingdom,NMS,Nasdaq Stock Market-National Market System 
British Energy plc,United Kingdom,NYSE,New York Stock Exchange 
British Sky Broadcasting Group plc,United Kingdom,NYSE,New York Stock Exchange 
Brocker Technology Group Ltd.,Canada,OTC,Over-the-Counter Market 
Brokat Aktiengesellschaft,Germany,OTC,Over-the-Counter Market 
Brookfield Properties Corp.,Canada,NYSE,New York Stock Exchange 
BT Group plc,United Kingdom,NYSE,New York Stock Exchange 
Buenos Aires Embotelladora S.A.-BAESA,Argentina,OTC,Over-the-Counter Market 
Buffalo Diamonds Ltd.,Canada,OTC,Over-the-Counter Market 
Buhrmann N.V.,Netherlands,NYSE,New York Stock Exchange 
Bunge Ltd.,Bermuda,NYSE,New York Stock Exchange 
Bunzl plc,United Kingdom,NYSE,New York Stock Exchange 
BVR Systems Ltd.,Israel,SM CAP,Nasdaq Stock Market-Small Cap Market 
BVR Technologies Ltd.,Israel,SM CAP,Nasdaq Stock Market-Small Cap Market 
Cable and Wireless plc,United Kingdom,NYSE,New York Stock Exchange 
Cable Satisfaction International Inc.,Canada,OTC,Over-the-Counter Market 
Cabletel Communications Corp.,Canada,AMEX,American Stock Exchange 
"Cableuropa, S.A.",United Kingdom,OTC,Over-the-Counter Market 
Cablevision S.A.,Argentina,OTC,Over-the-Counter Market 
Cadbury Schweppes plc,United Kingdom,NYSE,New York Stock Exchange 
Cade Struktur Corp.,Canada,OTC,Over-the-Counter Market 
Calais Resources Inc.,Canada,OTC,Over-the-Counter Market 
CalciTech Ltd.,Canada,OTC,Over-the-Counter Market 
Caledonia Mining Corp.,Canada,OTC,Over-the-Counter Market 
California Exploration Ltd.,Canada,OTC,Over-the-Counter Market 
Call Net Enterprises Inc.,Canada,OTC,Over-the-Counter Market 
Callahan Nordheim-Westfalen GmbH,Germany,OTC,Over-the-Counter Market 
Cambior Inc.,Canada,AMEX,American Stock Exchange 
Cambridge Antibody Technology Group plc,United Kingdom,NMS,Nasdaq Stock Market-National Market System 
Cameco Co.,Canada,NYSE,New York Stock Exchange 
Camflo Resources Ltd.,Canada,OTC,Over-the-Counter Market 
Campbell Resources Inc.,Canada,OTC,Over-the-Counter Market 
Camtek Ltd.,Israel,NMS,Nasdaq Stock Market-National Market System 
Camuzzi Gas del Sur S.A.,Argentina,OTC,Over-the-Counter Market 
Camuzzi Gas Pampeana S.A.,Argentina,OTC,Over-the-Counter Market 
Canada Life Financial Corp.,Canada,NYSE,New York Stock Exchange 
Canada Southern Petroleum Ltd.,Canada,SM CAP,Nasdaq Stock Market-Small Cap Market 
Canadian 88 Energy Corp.,Canada,AMEX,American Stock Exchange 
Canadian Imperial Bank of Commerce,Canada,NYSE,New York Stock Exchange 
Canadian National Railway Ltd.,Canada,NYSE,New York Stock Exchange 
Canadian Natural Resources Ltd.,Canada,NYSE,New York Stock Exchange 
Canadian Pacific Railway Ltd.,Canada,NYSE,New York Stock Exchange 
Canadian Zinc Corp.,Canada,OTC,Over-the-Counter Market 
Canalaska Ventures Ltd.,Canada,OTC,Over-the-Counter Market 
Canarc Resources Corp.,Canada,OTC,Over-the-Counter Market 
Canon Inc.,Japan,NYSE,New York Stock Exchange 
CanWest Global Communications Co.,Canada,NYSE,New York Stock Exchange 
Canwest Media Inc.,Canada,OTC,Over-the-Counter Market 
Capital Environmental Resource Inc.,Canada,NMS,Nasdaq Stock Market-National Market System 
Carlisle Holdings Ltd.,Belize,NMS,Nasdaq Stock Market-National Market System 
Carlton Communications plc,United Kingdom,NMS,Nasdaq Stock Market-National Market System 
Carmanah Technologies Corp.,Canada,OTC,Over-the-Counter Market 
Carmel Container Systems Ltd.,Israel,AMEX,American Stock Exchange 
"CBX Ventures, Inc.",Canada,OTC,Over-the-Counter Market 
CE Franklin Ltd.,Canada,AMEX,American Stock Exchange 
Cedara Software Corp.,Canada,NMS,Nasdaq Stock Market-National Market System 
Celanese AG,Germany,NYSE,New York Stock Exchange 
Celestica Inc.,Canada,NYSE,New York Stock Exchange 
Celltech Group plc,United Kingdom,NYSE,New York Stock Exchange 
Celulosa Arauco y Constitucion S.A.,Chile,OTC,Over-the-Counter Market 
"Cemex, S.A. de C.V.",Mexico,NYSE,New York Stock Exchange 
Cenargo International plc,United Kingdom,OTC,Over-the-Counter Market 
Cenes Pharmaceuticals plc,United Kingdom,OTC,Over-the-Counter Market 
Central Fund of Canada Ltd.,Canada,AMEX,American Stock Exchange 
Central Minera Corp.,Canada,OTC,Over-the-Counter Market 
Centurion Energy International Inc.,Canada,OTC,Over-the-Counter Market 
Ceragon Networks Ltd.,Israel,NMS,Nasdaq Stock Market-National Market System 
Certicom Corp.,Canada,NMS,Nasdaq Stock Market-National Market System 
Ceyoniq AG,Germany,NMS,Nasdaq Stock Market-National Market System 
"Cez, A.S.",Czech Republic,OTC,Over-the-Counter Market 
CFM Majestic Inc.,Canada,OTC,Over-the-Counter Market 
CGI Group Inc.,Canada,NYSE,New York Stock Exchange 
CGU Group Canada Ltd.,Canada,OTC,Over-the-Counter Market 
Chai-Na-Ta Corp.,Canada,OTC,Over-the-Counter Market 
Chartered Semiconductor Manufacturing Ltd.,Singapore,NMS,Nasdaq Stock Market-National Market System 
Chartwell Technology Inc.,Canada,OTC,Over-the-Counter Market 
CHC Helicopter Corp.,Canada,NMS,Nasdaq Stock Market-National Market System 
Check Point Software Technologies Ltd.,Israel,NMS,Nasdaq Stock Market-National Market System 
China Convergent Corp. Ltd.,Bermuda,OTC,Over-the-Counter Market 
China Eastern Airlines Corp. Ltd.,China,NYSE,New York Stock Exchange 
China Enterprises Ltd.,Bermuda,NYSE,New York Stock Exchange 
China Mobile (Hong Kong) Ltd.,Hong Kong,NYSE,New York Stock Exchange 
China Petroleum & Chemical Corp. (Sinopec),China,NYSE,New York Stock Exchange 
China Southern Airlines Corp. Ltd.,China,NYSE,New York Stock Exchange 
China Unicom Ltd.,Hong Kong,NYSE,New York Stock Exchange 
China Yuchai International Ltd.,Bermuda,NYSE,New York Stock Exchange 
Chinadotcom Corp.,Cayman Islands,NMS,Nasdaq Stock Market-National Market System 
Chipmos Technologies (Bermuda) Ltd.,Bermuda,NMS,Nasdaq Stock Market-National Market System 
Ciba Speciality Chemicals Holding Inc.,Switzerland,NYSE,New York Stock Exchange 
Cimatron Ltd.,Israel,NMS,Nasdaq Stock Market-National Market System 
Cinema Internet Networks Inc.,Canada,OTC,Over-the-Counter Market 
Cinram International Ltd.,Canada,OTC,Over-the-Counter Market 
Citadel Gold Mines Inc.,Canada,OTC,Over-the-Counter Market 
City Telecom (H.K.) Ltd.,Hong Kong,NMS,Nasdaq Stock Market-National Market System 
CityView Corp Ltd.,Australia,OTC,Over-the-Counter Market 
Claxson Interactive Group plc,British Virgin Islands,NMS,Nasdaq Stock Market-National Market System 
Clearly Canadian Beverage Corp.,Canada,OTC,Over-the-Counter Market 
Clearwave N.V.,Netherlands,OTC,Over-the-Counter Market 
Clondalkin Industries plc,Ireland,OTC,Over-the-Counter Market 
CLP Power Hong Kong Ltd.,Hong Kong,OTC,Over-the-Counter Market 
Clubhaus plc,United Kingdom,OTC,Over-the-Counter Market 
CNH Global N.V.,Netherlands,NYSE,New York Stock Exchange 
CNOOC Ltd.,Hong Kong,NYSE,New York Stock Exchange 
Coca-Cola Embonor S.A.,Chile,OTC,Over-the-Counter Market 
Coca-Cola Femsa S.A. de C.V.,Mexico,NYSE,New York Stock Exchange 
Cognicase Inc.,Canada,NMS,Nasdaq Stock Market-National Market System 
Cognos Inc.,Canada,NMS,Nasdaq Stock Market-National Market System 
Coles Myer Ltd.,Australia,NYSE,New York Stock Exchange 
Colt Telecom Group plc,United Kingdom,NMS,Nasdaq Stock Market-National Market System 
Commercial Consolidators Corp.,Canada,AMEX,American Stock Exchange 
Commonwealth Bank of Australia,Australia,OTC,Over-the-Counter Market 
Commtouch Software Ltd.,Israel,NMS,Nasdaq Stock Market-National Market System 
Compagnie Generale de Geophysique,France,NYSE,New York Stock Exchange 
Companhia Brasileira de Distribuicao,Brazil,NYSE,New York Stock Exchange 
Companhia de Alimentos Fargo,Argentina,OTC,Over-the-Counter Market 
Companhia de Bedidas das Americas - AMBEV,Brazil,NYSE,New York Stock Exchange 
Companhia Energetica de Minas Gerais - CEMIG,Brazil,NYSE,New York Stock Exchange 
Companhia Parananse de Energia - Copel,Brazil,NYSE,New York Stock Exchange 
Companhia Siderurgica Nacional,Brazil,NYSE,New York Stock Exchange 
Companhia Vale de Rio Doce S.A.,Brazil,NYSE,New York Stock Exchange 
Compania Anonima Nacional Telefonos de Venezuela S.A.,Venezuela,NYSE,New York Stock Exchange 
Compania Cervecerias Unidas S.A.,Chile,NYSE,New York Stock Exchange 
Compania de Minas Buenaventura S.A.,Peru,NYSE,New York Stock Exchange 
Compania de Telecomunicaciones de Chile S.A.,Chile,NYSE,New York Stock Exchange 
Compania Internacional de Telecomunicaciones S.A.,Argentina,OTC,Over-the-Counter Market 
Compugen Ltd.,Israel,NMS,Nasdaq Stock Market-National Market System 
Comunicacion Celular S.A.,Colombia,OTC,Over-the-Counter Market 
Concordia Bus AB,Sweden,OTC,Over-the-Counter Market 
Coniagas Resources Ltd,Canada,OTC,Over-the-Counter Market 
Conoco Canada Resources Ltd.,Canada,NYSE,New York Stock Exchange 
Consolidated Envirowaste Industries Inc.,Canada,OTC,Over-the-Counter Market 
Consolidated Mercantile Inc.,Canada,SM CAP,Nasdaq Stock Market-Small Cap Market 
Consolidated Trillion Resources Ltd.,Canada,OTC,Over-the-Counter Market 
Consolidated Water Co. Ltd.,Cayman Islands,NMS,Nasdaq Stock Market-National Market System 
Consortium G Dina Group S.A. de C.V.,Mexico,OTC,Over-the-Counter Market 
Consumers Packaging Inc.,Canada,OTC,Over-the-Counter Market 
Continental Energy Corp,Canada,OTC,Over-the-Counter Market 
Controladora Comercial Mexicana S.A. de C.V.,Mexico,NYSE,New York Stock Exchange 
Converium Holding AG,Switzerland,NYSE,New York Stock Exchange 
Cookson Group plc,United Kingdom,OTC,Over-the-Counter Market 
Coolbrands International Inc.,Canada,OTC,Over-the-Counter Market 
"Copamex Industries, S.A. de C.V.",Mexico,OTC,Over-the-Counter Market 
Copene - Petroquimica do Nordeste S.A.,Brazil,NYSE,New York Stock Exchange 
Coral Gold Corp.,Canada,OTC,Over-the-Counter Market 
Coral Group plc,United Kingdom,OTC,Over-the-Counter Market 
Cordiant Communications Group plc,United Kingdom,NYSE,New York Stock Exchange 
Corel Corp.,Canada,NMS,Nasdaq Stock Market-National Market System 
Corimon C.A.,Venezuela,NYSE,New York Stock Exchange 
Corus Entertainment Inc.,Canada,NYSE,New York Stock Exchange 
Corus Group plc,United Kingdom,NYSE,New York Stock Exchange 
Cott Corp.,Canada,NMS,Nasdaq Stock Market-National Market System 
Counsel Corp.,Canada,NMS,Nasdaq Stock Market-National Market System 
CP Ships Ltd.,Canada,NYSE,New York Stock Exchange 
Crayfish Co. Ltd.,Japan,NMS,Nasdaq Stock Market-National Market System 
Cream Minerals Ltd.,Canada,OTC,Over-the-Counter Market 
Creative Technology Ltd.,Singapore,NMS,Nasdaq Stock Market-National Market System 
Creator Capital Ltd.,Canada,OTC,Over-the-Counter Market 
Credicorp,Bermuda,NYSE,New York Stock Exchange 
Credit Suisse Group,Switzerland,NYSE,New York Stock Exchange 
Creo Products Inc.,Canada,NMS,Nasdaq Stock Market-National Market System 
Cresud Sacif,Argentina,NMS,Nasdaq Stock Market-National Market System 
Crew Development Corp.,Canada,OTC,Over-the-Counter Market 
CRH plc,Ireland,NMS,Nasdaq Stock Market-National Market System 
Cristalerias de Chile S.A.,Chile,NYSE,New York Stock Exchange 
Crosswave Communications Inc.,Japan,NMS,Nasdaq Stock Market-National Market System 
Crow Technologies 1977 Ltd.,Israel,OTC,Over-the-Counter Market 
Crucell N.V.,Netherlands,NMS,Nasdaq Stock Market-National Market System 
Cryopack Industries Inc.,Canada,OTC,Over-the-Counter Market 
Cryptologic Inc.,Canada,NMS,Nasdaq Stock Market-National Market System 
Crystal Graphite Corp.,Canada,OTC,Over-the-Counter Market 
Crystal Systems Solutions Ltd.,Israel,NMS,Nasdaq Stock Market-National Market System 
Crystallex International Corp.,Canada,AMEX,American Stock Exchange 
CSR Ltd.,Australia,OTC,Over-the-Counter Market 
CTI Holdings S.A.,Argentina,OTC,Over-the-Counter Market 
Cumberland Resources Ltd.,Canada,OTC,Over-the-Counter Market 
Current Technology Corp.,Canada,OTC,Over-the-Counter Market 
Cusac Gold Mines Ltd.,Canada,OTC,Over-the-Counter Market 
D G Jewelry of Canada Inc.,Canada,SM CAP,Nasdaq Stock Market-Small Cap Market 
DaimlerChrysler AG,Germany,NYSE,New York Stock Exchange 
Dassault Systems S.A.,France,NMS,Nasdaq Stock Market-National Market System 
Datalex plc,Ireland,NMS,Nasdaq Stock Market-National Market System 
Datamirror Corp.,Canada,NMS,Nasdaq Stock Market-National Market System 
Datawave Systems Inc.,Canada,OTC,Over-the-Counter Market 
Daugherty Resources Inc.,Canada,SM CAP,Nasdaq Stock Market-Small Cap Market 
Dayton Mining Co.,Canada,AMEX,American Stock Exchange 
De Rigo S.p.A.,Italy,NYSE,New York Stock Exchange 
Dealcheck.com Inc.,Canada,OTC,Over-the-Counter Market 
Decoma International Inc.,Canada,NMS,Nasdaq Stock Market-National Market System 
Dectron Internationale Inc.,Canada,SM CAP,Nasdaq Stock Market-Small Cap Market 
Delano Technology Corp.,Canada,NMS,Nasdaq Stock Market-National Market System 
Delta Galil Industries Ltd.,Israel,NMS,Nasdaq Stock Market-National Market System 
Derek Resources Corp.,Canada,OTC,Over-the-Counter Market 
Derlan Manufacturing Inc.,Canada,OTC,Over-the-Counter Market 
Desc S.A. de C.V.,Mexico,NYSE,New York Stock Exchange 
Descartes Systems Group Inc.,Canada,NMS,Nasdaq Stock Market-National Market System 
Deswell Industries Inc.,British Virgin Islands,NMS,Nasdaq Stock Market-National Market System 
Deutsche Bank Aktiengesellschaft,Germany,NYSE,New York Stock Exchange 
Deutsche Telekom AG,Germany,NYSE,New York Stock Exchange 
DF China Technology Inc.,British Virgin Islands,SM CAP,Nasdaq Stock Market-Small Cap Market 
Diageo plc,United Kingdom,NYSE,New York Stock Exchange 
Dialog Semiconductor plc,United Kingdom,NMS,Nasdaq Stock Market-National Market System 
Digital Star Inc.,British Virgin Islands,OTC,Over-the-Counter Market 
Digitale Telekabel AG,Germany,SM CAP,Nasdaq Stock Market-Small Cap Market 
Disco S.A.,Argentina,OTC,Over-the-Counter Market 
Distribucion y Servicio D&S S.A.,Chile,NYSE,New York Stock Exchange 
Diversinet Inc.,Canada,NMS,Nasdaq Stock Market-National Market System 
Dolphin Telecom plc,United Kingdom,OTC,Over-the-Counter Market 
Doman Industries Ltd.,Canada,OTC,Over-the-Counter Market 
Domtar Inc.,Canada,NYSE,New York Stock Exchange 
Donner Minerals Ltd.,Canada,OTC,Over-the-Counter Market 
Dorel Industries Inc.,Canada,NMS,Nasdaq Stock Market-National Market System 
Dr. Reddy's Laboratories Ltd.,India,NYSE,New York Stock Exchange 
Draxis Health Inc.,Canada,NMS,Nasdaq Stock Market-National Market System 
DSG International Ltd.,British Virgin Islands,NMS,Nasdaq Stock Market-National Market System 
Ducati Motor Holdings S.p.A.,Italy,NYSE,New York Stock Exchange 
Dundee Bancorp Inc.,Canada,OTC,Over-the-Counter Market 
Durban Roodepoort Deep Ltd.,South Africa,NMS,Nasdaq Stock Market-National Market System 
Dynacare Inc.,Canada,NMS,Nasdaq Stock Market-National Market System 
Dynamic Digital Depth Inc.,Canada,OTC,Over-the-Counter Market 
Dynamic Oil & Gas Ltd.,Canada,SM CAP,Nasdaq Stock Market-Small Cap Market 
DynaMotive Energy Systems Corp.,Canada,OTC,Over-the-Counter Market 
Dynea International Oy,Finland,OTC,Over-the-Counter Market 
E*Comnetrix Inc.,Canada,OTC,Over-the-Counter Market 
E.ON AG,Germany,NYSE,New York Stock Exchange 
Ebookers.com plc,United Kingdom,NMS,Nasdaq Stock Market-National Market System 
Echo Bay Mines Ltd.,Canada,AMEX,American Stock Exchange 
ECI Telecommunications Ltd.,Israel,NMS,Nasdaq Stock Market-National Market System 
Ectel Ltd.,Israel,NMS,Nasdaq Stock Market-National Market System 
EDAP TMS S.A.,France,NMS,Nasdaq Stock Market-National Market System 
E-digital Corp.,Canada,OTC,Over-the-Counter Market 
EDP - Electricidade de Portugal S.A.,Portugal,NYSE,New York Stock Exchange 
Eganagoldpfeil (Holdings) Ltd.,Cayman Islands,NMS,Nasdaq Stock Market-National Market System 
Eidos plc,United Kingdom,NMS,Nasdaq Stock Market-National Market System 
Eiger Technology Inc.,Canada,OTC,Over-the-Counter Market 
Eimo Oyj,Finland,NMS,Nasdaq Stock Market-National Market System 
Ek Chor China Motorcycle Company Ltd.,Bermuda,NYSE,New York Stock Exchange 
Ekabel Hessen GmbH,Germany,OTC,Over-the-Counter Market 
Eksportfinans A/S,Norway,NYSE,New York Stock Exchange 
Elan Corp plc,Ireland,NYSE,New York Stock Exchange 
Elbit Ltd.,Israel,NMS,Nasdaq Stock Market-National Market System 
Elbit Medical Imaging Ltd.,Israel,NMS,Nasdaq Stock Market-National Market System 
Elbit Systems Ltd.,Israel,NMS,Nasdaq Stock Market-National Market System 
Elbit Vision Systems Ltd.,Israel,SM CAP,Nasdaq Stock Market-Small Cap Market 
Electrochemical Industries 1952 Ltd.,Israel,AMEX,American Stock Exchange 
"Elephant & Castle Group, Inc.",Canada,OTC,Over-the-Counter Market 
Eletson Holdings Inc.,Liberia,OTC,Over-the-Counter Market 
Elron Electronic Industries Ltd.,Israel,NMS,Nasdaq Stock Market-National Market System 
Elscint Ltd.,Israel,NYSE,New York Stock Exchange 
Elsevier N.V.,Netherlands,NYSE,New York Stock Exchange 
Eltek Ltd.,Israel,NMS,Nasdaq Stock Market-National Market System 
Embotelladora Andina S.A.,Chile,NYSE,New York Stock Exchange 
Embraer-Empresa Brasileira de Aeronautica S.A.,Brazil,NYSE,New York Stock Exchange 
Embratel Participacoes S.A.,Brazil,NYSE,New York Stock Exchange 
Emco Ltd.,Canada,NMS,Nasdaq Stock Market-National Market System 
Empresa Electrica Pehuenche S.A.,Chile,OTC,Over-the-Counter Market 
Empresa Nacional de Electricidad S.A. - Endesa,Chile,NYSE,New York Stock Exchange 
Empresas ICA Sociedad Controladora S.A.,Mexico,NYSE,New York Stock Exchange 
Enbridge Inc.,Canada,NYSE,New York Stock Exchange 
Endesa S.A.,Spain,NYSE,New York Stock Exchange 
Enel S.p.A.,Italy,NYSE,New York Stock Exchange 
Energis plc,United Kingdom,NMS,Nasdaq Stock Market-National Market System 
Energy Power Systems Ltd.,Canada,OTC,Over-the-Counter Market 
Enerplus Resources Fund,Canada,NYSE,New York Stock Exchange 
Enersis S.A.,Chile,NYSE,New York Stock Exchange 
Engel General Developers Ltd.,Israel,NMS,Nasdaq Stock Market-National Market System 
ENI S.p.A.,Italy,NYSE,New York Stock Exchange 
Enitel ASA,Norway,OTC,Over-the-Counter Market 
Enodis plc,United Kingdom,NYSE,New York Stock Exchange 
Enterprise Oil plc,United Kingdom,NYSE,New York Stock Exchange 
Enterra Energy Corp.,Canada,SM CAP,Nasdaq Stock Market-Small Cap Market 
"Envoy Communications Group, Inc.",Canada,SM CAP,Nasdaq Stock Market-Small Cap Market 
EPCOS AG,Germany,NYSE,New York Stock Exchange 
Equant N.V.,Netherlands,NYSE,New York Stock Exchange 
Equity Finance Holding Corp.,Belize,OTC,Over-the-Counter Market 
Esat Group Ltd,Ireland,OTC,Over-the-Counter Market 
e-Sim Ltd.,Israel,NMS,Nasdaq Stock Market-National Market System 
Espirito Santo Centrais Eletricas S.A. - Escelsa,Brazil,OTC,Over-the-Counter Market 
Espirito Santo Financial Group S.A.,Luxembourg,NYSE,New York Stock Exchange 
Etablissements Delhaize Freres & Cie - Le Lion,Belgium,NYSE,New York Stock Exchange 
Etruscan Resources Inc.,Canada,OTC,Over-the-Counter Market 
ETZ Lavud Ltd.,Israel,AMEX,American Stock Exchange 
Euro Disney S.C.A.,France,OTC,Over-the-Counter Market 
Euro-Tech Holdings Inc.,British Virgin Islands,SM CAP,Nasdaq Stock Market-Small Cap Market 
"Eurotel Bratislava, A.S.",Slovak Republic,OTC,Over-the-Counter Market 
EuroTrust A/S,Denmark,SM CAP,Nasdaq Stock Market-Small Cap Market 
Eurozinc Mining Corp.,Canada,OTC,Over-the-Counter Market 
Excel Maritime Carriers Ltd.,Liberia,AMEX,American Stock Exchange 
Exfo Electro-Optical Engineering Inc.,Canada,NMS,Nasdaq Stock Market-National Market System 
Extendicare Inc.,Canada,NYSE,New York Stock Exchange 
Fage Dairy Industry S.A.,Greece,OTC,Over-the-Counter Market 
Fahnestock Viner Holdings Inc.,Canada,NYSE,New York Stock Exchange 
Fairfax Financial Holdings Ltd.,Canada,OTC,Over-the-Counter Market 
Fairfield Minerals Ltd.,Canada,OTC,Over-the-Counter Market 
Fairmont Hotels & Resorts Inc.,Canada,NYSE,New York Stock Exchange 
Falconbridge Ltd.,Canada,OTC,Over-the-Counter Market 
Fantom Technologies Inc.,Canada,OTC,Over-the-Counter Market 
Fiat S.p.A.,Italy,NYSE,New York Stock Exchange 
Fila Holdings S.p.A.,Italy,NYSE,New York Stock Exchange 
Filtronic plc,United Kingdom,OTC,Over-the-Counter Market 
FirstService Corp.,Canada,SM CAP,Nasdaq Stock Market-Small Cap Market 
Fisher & Paykel Industries Ltd.,New Zealand,NMS,Nasdaq Stock Market-National Market System 
Flag Ltd.,Bermuda,OTC,Over-the-Counter Market 
Flamel Technologies S.A.,France,NMS,Nasdaq Stock Market-National Market System 
Fletcher Building Ltd.,New Zealand,NYSE,New York Stock Exchange 
Fletcher Challenge Forests Ltd.,New Zealand,NYSE,New York Stock Exchange 
Flotek Industries Inc.,Canada,OTC,Over-the-Counter Market 
Fomento Economico Mexicano S.A. de C.V.,Mexico,NYSE,New York Stock Exchange 
Forbes Medi-Tech Inc.,Canada,NMS,Nasdaq Stock Market-National Market System 
"Fording, Inc.",Canada,NYSE,New York Stock Exchange 
Formula Systems (1985) Ltd.,Israel,NMS,Nasdaq Stock Market-National Market System 
Four Seasons Hotels Inc.,Canada,NYSE,New York Stock Exchange 
France Telecom,France,NYSE,New York Stock Exchange 
Franklin Lake Resources Ltd.,Canada,OTC,Over-the-Counter Market 
Fresenius Medical Care AG,Germany,NYSE,New York Stock Exchange 
Fresh Del Monte Produce Inc.,Cayman Islands,NYSE,New York Stock Exchange 
Frisco Bay Industries Ltd.,Canada,NMS,Nasdaq Stock Market-National Market System 
Frontline Ltd.,Bermuda,NYSE,New York Stock Exchange 
Futuremedia plc,United Kingdom,SM CAP,Nasdaq Stock Market-Small Cap Market 
G. Willi-Food International Ltd.,Israel,SM CAP,Nasdaq Stock Market-Small Cap Market 
Gala Group Holdings plc,United Kingdom,OTC,Over-the-Counter Market 
Galen Holdings plc,United Kingdom,NMS,Nasdaq Stock Market-National Market System 
Gallaher Group plc,United Kingdom,NYSE,New York Stock Exchange 
Gearbulk Holding Ltd.,Bermuda,OTC,Over-the-Counter Market 
Gee-Ten Ventures Inc.,Canada,OTC,Over-the-Counter Market 
Gemplus International S.A.,Luxembourg,NMS,Nasdaq Stock Market-National Market System 
Gener S.A.,Chile,OTC,Over-the-Counter Market 
Genesis Microchip Inc.,Canada,NMS,Nasdaq Stock Market-National Market System 
Genesys S.A.,France,OTC,Over-the-Counter Market 
Genetronics Biomedical Ltd.,Canada,AMEX,American Stock Exchange 
Gensci Regeneration Sciences Inc.,Canada,OTC,Over-the-Counter Market 
Genset,France,NMS,Nasdaq Stock Market-National Market System 
Gentia Software plc,United Kingdom,OTC,Over-the-Counter Market 
Gentry Resources Ltd.,Canada,OTC,Over-the-Counter Market 
Gerdau S.A.,Brazil,NYSE,New York Stock Exchange 
Getgo Mail.com Ltd.,British Virgin Islands,SM CAP,Nasdaq Stock Market-Small Cap Market 
Getty Copper Corp.,Canada,OTC,Over-the-Counter Market 
Gigamedia Ltd.,Singapore,NMS,Nasdaq Stock Market-National Market System 
Gilat Satellite Networks Ltd.,Israel,NMS,Nasdaq Stock Market-National Market System 
Gildan Activeware Inc.,Canada,NYSE,New York Stock Exchange 
Given Imaging Ltd.,Israel,NMS,Nasdaq Stock Market-National Market System 
Glamis Gold Ltd.,Canada,NYSE,New York Stock Exchange 
GlaxoSmithKline plc,United Kingdom,NYSE,New York Stock Exchange 
Glencore Nickel Pty Ltd.,Australia,OTC,Over-the-Counter Market 
Glengarry Holdings Ltd.,Bermuda,OTC,Over-the-Counter Market 
Global Light Telecommunications Inc.,Canada,AMEX,American Stock Exchange 
Global SantaFe Corp.,Cayman Islands,NYSE,New York Stock Exchange 
Global Sources Ltd.,Bermuda,NMS,Nasdaq Stock Market-National Market System 
Global-Tech Appliances Inc.,British Virgin Islands,NYSE,New York Stock Exchange 
Globaltex Industries Inc.,Canada,OTC,Over-the-Counter Market 
Globe Telecom plc,Philippines,OTC,Over-the-Counter Market 
Globetech Ventures Corp.,Canada,OTC,Over-the-Counter Market 
Globex Mining Enterprises Inc.,Canada,OTC,Over-the-Counter Market 
Globo Cabo S.A.,Brazil,NMS,Nasdaq Stock Market-National Market System 
Gold Reserve Inc.,Canada,OTC,Over-the-Counter Market 
Goldbelt Resources Ltd.,Canada,OTC,Over-the-Counter Market 
"Goldcorp, Inc.",Canada,NYSE,New York Stock Exchange 
Golden Nugget Exploration Inc.,Canada,OTC,Over-the-Counter Market 
Golden Rule Resources Ltd.,Canada,OTC,Over-the-Counter Market 
Golden Star Resources Ltd.,Canada,OTC,Over-the-Counter Market 
Goran Capital Inc.,Canada,OTC,Over-the-Counter Market 
Governor and Company of the Bank of Ireland,Ireland,NYSE,New York Stock Exchange 
GrandeTel Technologies Inc.,Canada,OTC,Over-the-Counter Market 
Grapes Communications B.V.,Netherlands,OTC,Over-the-Counter Market 
Great Basin Gold Ltd.,Canada,OTC,Over-the-Counter Market 
Great Lakes Power Inc.,Canada,OTC,Over-the-Counter Market 
Groupe Danone,France,NYSE,New York Stock Exchange 
"Gruma, S.A. de C.V.",Mexico,NYSE,New York Stock Exchange 
"Grupo Aeroportuario del Sureste, S.A. de C.V.",Mexico,NYSE,New York Stock Exchange 
"Grupo Azucarero, S.A. de C.V.",Mexico,OTC,Over-the-Counter Market 
"Grupo Casa Saba, S.A. de C.V.",Mexico,NYSE,New York Stock Exchange 
Grupo Elektra S.A.,Mexico,NYSE,New York Stock Exchange 
Grupo Financiero Galicia S.A.,Argentina,NMS,Nasdaq Stock Market-National Market System 
Grupo Imsa S.A. de C.V.,Mexico,NYSE,New York Stock Exchange 
Grupo Industrial Durango S.A. de C.V.,Mexico,NYSE,New York Stock Exchange 
Grupo Industrial Maseca S.A. de C.V.,Mexico,NYSE,New York Stock Exchange 
"Grupo Iusacell Celular, S.A. de C.V.",Mexico,OTC,Over-the-Counter Market 
"Grupo Iusacell, S.A. de C.V.",Mexico,NYSE,New York Stock Exchange 
"Grupo Minero Mexicano, S.A. de C.V.",Mexico,OTC,Over-the-Counter Market 
Grupo Radio Centro S.A. de C.V.,Mexico,NYSE,New York Stock Exchange 
Grupo Simec S.A. de C.V.,Mexico,AMEX,American Stock Exchange 
Grupo Televisa S.A.,Mexico,NYSE,New York Stock Exchange 
"Grupo TMM, S.A. de C.V.",Mexico,NYSE,New York Stock Exchange 
Grupo Tribasa S.A. de C.V.,Mexico,NYSE,New York Stock Exchange 
GSI Lumonics Inc.,Canada,NMS,Nasdaq Stock Market-National Market System 
GT Group Telecom Inc.,Canada,NMS,Nasdaq Stock Market-National Market System 
Guangshen Railway Co. Ltd.,China,NYSE,New York Stock Exchange 
Guangzhou-Shenzen Superhighway Holdings Ltd.,British Virgin Islands,OTC,Over-the-Counter Market 
Gucci Group N.V.,Netherlands,NYSE,New York Stock Exchange 
Gulf Indonesia Resources Ltd.,Canada,NYSE,New York Stock Exchange 
Haemacure Corp.,Canada,OTC,Over-the-Counter Market 
"Hanaro Telecom, Inc.",Korea,NMS,Nasdaq Stock Market-National Market System 
Hanson plc,United Kingdom,NYSE,New York Stock Exchange 
Harmony Gold Mining Co. Ltd.,South Africa,NMS,Nasdaq Stock Market-National Market System 
Havas Advertising,France,NMS,Nasdaq Stock Market-National Market System 
HDFC Bank Ltd.,India,NYSE,New York Stock Exchange 
Head Holding Unternehmensbeteiligung GMBH,Austria,OTC,Over-the-Counter Market 
Head N.V.,Netherlands,NYSE,New York Stock Exchange 
Healthcare Technologies Ltd.,Israel,SM CAP,Nasdaq Stock Market-Small Cap Market 
Hellenic Telecommunications Organization S.A. - OTE,Greece,NYSE,New York Stock Exchange 
Hemosol Inc.,Canada,NMS,Nasdaq Stock Market-National Market System 
Hibernia Foods plc,Ireland,SM CAP,Nasdaq Stock Market-Small Cap Market 
Highway Holdings Ltd.,British Virgin Islands,NMS,Nasdaq Stock Market-National Market System 
Highwood Resources Ltd.,Canada,OTC,Over-the-Counter Market 
Hilan Tech Ltd.,Israel,OTC,Over-the-Counter Market 
Hilton Petroleum Ltd.,Canada,OTC,Over-the-Counter Market 
Hitachi Ltd.,Japan,NYSE,New York Stock Exchange 
HMV Media Group plc,United Kingdom,OTC,Over-the-Counter Market 
Hollinger Inc.,Canada,OTC,Over-the-Counter Market 
Honda Motor Co. Ltd.,Japan,NYSE,New York Stock Exchange 
Household Financial Corp. Ltd.,Canada,OTC,Over-the-Counter Market 
HQI Translec Chile S.A.,Chile,OTC,Over-the-Counter Market 
HSBC Bank plc,United Kingdom,NYSE,New York Stock Exchange 
HSBC Holdings plc,United Kingdom,NYSE,New York Stock Exchange 
Huaneng Power International Inc.,China,NYSE,New York Stock Exchange 
Hummingbird Ltd.,Canada,NMS,Nasdaq Stock Market-National Market System 
Huntingdon Life Sciences Group plc,United Kingdom,OTC,Over-the-Counter Market 
Hurricane Hydrocarbons Ltd.,Canada,NMS,Nasdaq Stock Market-National Market System 
Husky Energy Inc.,Canada,OTC,Over-the-Counter Market 
Hydro One Inc.,Canada,OTC,Over-the-Counter Market 
Hydrogenics Corp.,Canada,NMS,Nasdaq Stock Market-National Market System 
I.I.S. Intelligent Information Systems Ltd.,Israel,NMS,Nasdaq Stock Market-National Market System 
iaNett International Systems Ltd.,Canada,OTC,Over-the-Counter Market 
I-Cable Communications Ltd.,Hong Kong,NMS,Nasdaq Stock Market-National Market System 
ICICI Bank Ltd.,India,NYSE,New York Stock Exchange 
ICICI Ltd.,India,NYSE,New York Stock Exchange 
ICON plc,Ireland,NMS,Nasdaq Stock Market-National Market System 
ICOS Vision Systems Corp N.V.,Belgium,NMS,Nasdaq Stock Market-National Market System 
ICTS International N.V.,Netherlands,NMS,Nasdaq Stock Market-National Market System 
ID Biomedical Corp.,Canada,SM CAP,Nasdaq Stock Market-Small Cap Market 
IFCO Systems N.V.,Netherlands,NMS,Nasdaq Stock Market-National Market System 
IGN Internet Global Network Inc.,Canada,OTC,Over-the-Counter Market 
Ilog S.A.,France,NMS,Nasdaq Stock Market-National Market System 
IMA Exploration Inc.,Canada,OTC,Over-the-Counter Market 
IMagic TV Inc.,Canada,NMS,Nasdaq Stock Market-National Market System 
Imax Corp.,Canada,NMS,Nasdaq Stock Market-National Market System 
Immune Network Research Ltd.,Canada,OTC,Over-the-Counter Market 
IMP Industrial Mineral Park Mining Corp.,Canada,OTC,Over-the-Counter Market 
Imperial Chemical Industries plc,United Kingdom,NYSE,New York Stock Exchange 
"Imperial Ginseng Products, Ltd.",Canada,OTC,Over-the-Counter Market 
Imperial Oil Ltd.,Canada,AMEX,American Stock Exchange 
Imperial Tobacco Group plc,United Kingdom,NYSE,New York Stock Exchange 
Impress Metal Packaging Holdings B.V.,Netherlands,OTC,Over-the-Counter Market 
Incam AG,Germany,SM CAP,Nasdaq Stock Market-Small Cap Market 
Inco Ltd.,Canada,NYSE,New York Stock Exchange 
Indigo N.V.,Neth. Antilles,NMS,Nasdaq Stock Market-National Market System 
Indo-Pacific Energy Ltd.,New Zealand,OTC,Over-the-Counter Market 
Industrial Development Bank of Israel Ltd.,Israel,OTC,Over-the-Counter Market 
Industrias Bachoco S.A. de C.V.,Mexico,NYSE,New York Stock Exchange 
Industrie Natuzzi S.p.A.,Italy,NYSE,New York Stock Exchange 
Industriforvaltnings AB Kinnevik,Sweden,NMS,Nasdaq Stock Market-National Market System 
Ineos Acrylics Group Holdings plc,United Kingdom,OTC,Over-the-Counter Market 
Inficon Holding AG,Switzerland,NMS,Nasdaq Stock Market-National Market System 
Infineon Technologies AG,Germany,NYSE,New York Stock Exchange 
Infosys Technologies Inc.,India,NMS,Nasdaq Stock Market-National Market System 
Infovista S.A.,France,NMS,Nasdaq Stock Market-National Market System 
Infowave Software Inc.,Canada,OTC,Over-the-Counter Market 
ING Groep N.V.,Netherlands,NYSE,New York Stock Exchange 
Innogy Holdings plc,United Kingdom,NYSE,New York Stock Exchange 
"Innova, S. de R.L.",Mexico,OTC,Over-the-Counter Market 
Inside Holdings Inc.,Canada,OTC,Over-the-Counter Market 
Instrumentarium Corp.,Finland,SM CAP,Nasdaq Stock Market-Small Cap Market 
Instrumentation Laboratory S.p.A.,Italy,OTC,Over-the-Counter Market 
Intasys Corp.,Canada,SM CAP,Nasdaq Stock Market-Small Cap Market 
Internacional de Ceramica S.A. de C.V.,Mexico,NYSE,New York Stock Exchange 
International Absorbents Inc.,Canada,OTC,Over-the-Counter Market 
International Briquettes Holding,Cayman Islands,NMS,Nasdaq Stock Market-National Market System 
International Financial Group Inc.,Cayman Islands,OTC,Over-the-Counter Market 
International Freegold Mineral Development,Canada,OTC,Over-the-Counter Market 
International Hi Tech Industries Inc.,Canada,OTC,Over-the-Counter Market 
International Power plc,United Kingdom,NYSE,New York Stock Exchange 
International Thunderbird Gaming Corp.,Canada,OTC,Over-the-Counter Market 
International Tower Hill Mines Ltd.,Canada,OTC,Over-the-Counter Market 
International Uranium Corp.,Canada,OTC,Over-the-Counter Market 
International Utility Structures Inc.,Canada,OTC,Over-the-Counter Market 
Internet Gold - Golden Lines Ltd.,Israel,NMS,Nasdaq Stock Market-National Market System 
Internet Initiative Japan Inc.,Japan,NMS,Nasdaq Stock Market-National Market System 
Intershop Communications Aktiengesellshaft,Germany,NMS,Nasdaq Stock Market-National Market System 
Intertape Polymer Group Inc.,Canada,NYSE,New York Stock Exchange 
Intertek Testing Services Ltd.,United Kingdom,OTC,Over-the-Counter Market 
Intier Automotive Inc.,Canada,NMS,Nasdaq Stock Market-National Market System 
Intravelnet.com Inc.,Canada,OTC,Over-the-Counter Market 
Intrawest Corp.,Canada,NYSE,New York Stock Exchange 
Investors Group Inc.,Canada,OTC,Over-the-Counter Market 
Iona Technologies Ltd.,Ireland,NMS,Nasdaq Stock Market-National Market System 
Ipsco Inc.,Canada,NYSE,New York Stock Exchange 
"IRSA Inversiones y Representacions, S.A.",Argentina,NYSE,New York Stock Exchange 
Ispat International N.V.,Netherlands,NYSE,New York Stock Exchange 
Itemus Inc.,Canada,OTC,Over-the-Counter Market 
Ito-Yokado Co. Ltd.,Japan,NMS,Nasdaq Stock Market-National Market System 
Ivanhoe Energy Inc.,Canada,NMS,Nasdaq Stock Market-National Market System 
IWI Holding Ltd.,British Virgin Islands,OTC,Over-the-Counter Market 
iXOS Software Aktiengesellschaft,Germany,NMS,Nasdaq Stock Market-National Market System 
Jacada Ltd.,Israel,NMS,Nasdaq Stock Market-National Market System 
James Hardie Industries N.V.,Netherlands,NYSE,New York Stock Exchange 
Jazztel plc,United Kingdom,NMS,Nasdaq Stock Market-National Market System 
Jefferson Smurfit plc,Ireland,NYSE,New York Stock Exchange 
Jewett Cameron Trading Co.,Canada,SM CAP,Nasdaq Stock Market-Small Cap Market 
Jilin Chemical Industrial Co. Ltd.,China,NYSE,New York Stock Exchange 
Jinpan International Ltd.,British Virgin Islands,AMEX,American Stock Exchange 
Jupiters Ltd.,Australia,OTC,Over-the-Counter Market 
Kafus Industries Ltd.,Canada,OTC,Over-the-Counter Market 
Kappa Beheer B.V.,Netherlands,OTC,Over-the-Counter Market 
Kenrich Mining Corp.,Canada,OTC,Over-the-Counter Market 
Keywest Energy Corp.,Canada,OTC,Over-the-Counter Market 
"Kingsway Financial Services, Inc.",Canada,NYSE,New York Stock Exchange 
Kinross Gold Corp.,Canada,AMEX,American Stock Exchange 
Klinair Environmental Technologies Ltd.,British Virgin Islands,OTC,Over-the-Counter Market 
KLM Royal Dutch Airlines,Netherlands,NYSE,New York Stock Exchange 
Knightsbridge Tankers Ltd.,Bermuda,NMS,Nasdaq Stock Market-National Market System 
Komatsu Ltd.,Japan,OTC,Over-the-Counter Market 
Koninklijke KPN N.V.,Netherlands,NYSE,New York Stock Exchange 
Kookmin Bank,Korea,NYSE,New York Stock Exchange 
Koor Industries Ltd.,Israel,NYSE,New York Stock Exchange 
Korea Electric Power Corp.,Korea,NYSE,New York Stock Exchange 
Korea Telecom Corp.,Korea,NYSE,New York Stock Exchange 
Korea Thrunet Ltd.,Korea,NMS,Nasdaq Stock Market-National Market System 
Kowloon-Canton Railway Corp.,Hong Kong,NYSE,New York Stock Exchange 
KPNQwest N.V.,Netherlands,NMS,Nasdaq Stock Market-National Market System 
Kubota Corp.,Japan,NYSE,New York Stock Exchange 
Kyocera Corp.,Japan,NYSE,New York Stock Exchange 
Lafarge,France,NYSE,New York Stock Exchange 
Laidlaw Inc.,Canada,OTC,Over-the-Counter Market 
Lanoptics Ltd.,Israel,NMS,Nasdaq Stock Market-National Market System 
Las Vegas from Home.com Entertainment Inc.,Canada,OTC,Over-the-Counter Market 
Lastminute.com plc,United Kingdom,NMS,Nasdaq Stock Market-National Market System 
Latin American Export Bank,Panama,NYSE,New York Stock Exchange 
Leader Mining International Inc.,Canada,OTC,Over-the-Counter Market 
"Leading Brands, Inc.",Canada,SM CAP,Nasdaq Stock Market-Small Cap Market 
Legrand,France,OTC,Over-the-Counter Market 
Leica Geosystems Finance plc,United Kingdom,OTC,Over-the-Counter Market 
Leitch Technology Corp.,Canada,NMS,Nasdaq Stock Market-National Market System 
Levon Resources Ltd.,Canada,OTC,Over-the-Counter Market 
Lihir Gold Ltd.,Papua New Guinea,NMS,Nasdaq Stock Market-National Market System 
Linea Aerea Nacional Chile S.A.- LanChile,Chile,NYSE,New York Stock Exchange 
"LinuxWizardry Systems, Inc.",Canada,OTC,Over-the-Counter Market 
Lion Bioscience Aktiengesellschaft,Germany,NMS,Nasdaq Stock Market-National Market System 
Lions Gate Entertainment Corp.,Canada,AMEX,American Stock Exchange 
Liquidation World Inc.,Canada,NMS,Nasdaq Stock Market-National Market System 
LJ International Ltd.,British Virgin Islands,NMS,Nasdaq Stock Market-National Market System 
Lloyds TSB Group plc,United Kingdom,NYSE,New York Stock Exchange 
LML Payment Systems Inc.,Canada,SM CAP,Nasdaq Stock Market-Small Cap Market 
Localiza Rent-a-Car S.A.,Brazil,OTC,Over-the-Counter Market 
Loewen Group Inc.,Canada,OTC,Over-the-Counter Market 
LogicalOptions International Inc.,Canada,OTC,Over-the-Counter Market 
Logitech International S.A.,Switzerland,NMS,Nasdaq Stock Market-National Market System 
London Electricity Group plc,United Kingdom,OTC,Over-the-Counter Market 
London Pacific Group Ltd.,United Kingdom,NYSE,New York Stock Exchange 
Lorus Therapeutics Inc.,Canada,OTC,Over-the-Counter Market 
Lund Ventures Ltd.,Canada,OTC,Over-the-Counter Market 
Luxfer Holdings plc,United Kingdom,OTC,Over-the-Counter Market 
Luxottica Group S.p.A.,Italy,NYSE,New York Stock Exchange 
LVMH Moet-Hennessy Louis Vuitton,France,NMS,Nasdaq Stock Market-National Market System 
Macronix International Co.,Taiwan,NMS,Nasdaq Stock Market-National Market System 
"Mad Catz Interactive, Inc.",Canada,AMEX,American Stock Exchange 
Madeco S.A.,Chile,NYSE,New York Stock Exchange 
Madge Networks N.V.,Netherlands,NMS,Nasdaq Stock Market-National Market System 
Madison Enterprises Corp.,Canada,OTC,Over-the-Counter Market 
Magal Security Systems Ltd.,Israel,NMS,Nasdaq Stock Market-National Market System 
Magic Software Enterprises Ltd.,Israel,NMS,Nasdaq Stock Market-National Market System 
Magna International Inc.,Canada,NYSE,New York Stock Exchange 
Magyar Tavkozlesi RT. - MATAV,Hungary,NYSE,New York Stock Exchange 
Mahanagar Telephone Nigam Ltd.,India,NYSE,New York Stock Exchange 
Makita Corp.,Japan,NMS,Nasdaq Stock Market-National Market System 
Manhattan Minerals Corp.,Canada,OTC,Over-the-Counter Market 
Manulife Financial Corp.,Canada,NYSE,New York Stock Exchange 
Marconi plc,United Kingdom,NMS,Nasdaq Stock Market-National Market System 
Marnetics Broadband Technologies Ltd.,Israel,AMEX,American Stock Exchange 
Marsulex Inc.,Canada,OTC,Over-the-Counter Market 
Masisa S.A.,Chile,NYSE,New York Stock Exchange 
Masonite International Corp.,Canada,NYSE,New York Stock Exchange 
Matav Cable Systems Media Ltd.,Israel,NMS,Nasdaq Stock Market-National Market System 
Matsushita Electric Industrial Co.,Japan,NYSE,New York Stock Exchange 
"Maxcom Telecomunicaciones, S.A. de C.V.",Mexico,OTC,Over-the-Counter Market 
Mayne Nickless Ltd.,Australia,OTC,Over-the-Counter Market 
MC Shipping Inc,Liberia,AMEX,American Stock Exchange 
MDC Co.,Canada,NMS,Nasdaq Stock Market-National Market System 
MDS Inc.,Canada,NYSE,New York Stock Exchange 
MDSI Mobile Data Solutions Inc.,Canada,NMS,Nasdaq Stock Market-National Market System 
Med Emerg International Ltd.,Canada,OTC,Over-the-Counter Market 
Med Net International Ltd.,Bermuda,OTC,Over-the-Counter Market 
Mentergy Ltd.,Israel,NMS,Nasdaq Stock Market-National Market System 
MEPC plc,United Kingdom,NYSE,New York Stock Exchange 
Mer Telemanagement Solutions Ltd.,Israel,NMS,Nasdaq Stock Market-National Market System 
Merant plc,United Kingdom,NMS,Nasdaq Stock Market-National Market System 
Mercury Partners & Co. Inc.,Canada,OTC,Over-the-Counter Market 
Mercury Scheduling Systems Inc.,Canada,OTC,Over-the-Counter Market 
Meridian Gold Inc.,Canada,NYSE,New York Stock Exchange 
Messer Griesheim Holding AG,Germany,OTC,Over-the-Counter Market 
Metal Storm Ltd.,Australia,SM CAP,Nasdaq Stock Market-Small Cap Market 
Metalink Ltd.,Israel,NMS,Nasdaq Stock Market-National Market System 
Metallica Resources Inc.,Canada,OTC,Over-the-Counter Market 
Methanex Corp.,Canada,NMS,Nasdaq Stock Market-National Market System 
Metro International S.A.,Luxembourg,NMS,Nasdaq Stock Market-National Market System 
MetroGas S.A.,Argentina,NYSE,New York Stock Exchange 
Metso Oy,Finland,NYSE,New York Stock Exchange 
MFC Bancorp Ltd.,Canada,NMS,Nasdaq Stock Market-National Market System 
Microcell Telecommunications Inc.,Canada,NMS,Nasdaq Stock Market-National Market System 
"Micrologix Biotech, Inc.",Canada,OTC,Over-the-Counter Market 
Micromem Technologies Inc.,Canada,OTC,Over-the-Counter Market 
Midland Bank plc,United Kingdom,NYSE,New York Stock Exchange 
MIH Ltd.,British Virgin Islands,NMS,Nasdaq Stock Market-National Market System 
Millar Western Forest Products Ltd.,Canada,OTC,Over-the-Counter Market 
"Millenium Seacarriers, Inc.",Cayman Islands,OTC,Over-the-Counter Market 
Millicom International Cellular S.A.,Luxembourg,NMS,Nasdaq Stock Market-National Market System 
Minco Mining and Metals Corp.,Canada,OTC,Over-the-Counter Market 
Mind C.T.I. Ltd.,Israel,NMS,Nasdaq Stock Market-National Market System 
Minefinders Corp. Ltd.,Canada,OTC,Over-the-Counter Market 
Mirae Corp.,Korea,NMS,Nasdaq Stock Market-National Market System 
Miramar Mining Co.,Canada,OTC,Over-the-Counter Market 
Mirtronics Inc.,Canada,OTC,Over-the-Counter Market 
Misty Mountain Gold Ltd.,Canada,OTC,Over-the-Counter Market 
"Mitsubishi Tokyo Financial Group, Inc.",Japan,NYSE,New York Stock Exchange 
Mitsui & Company Ltd.,Japan,NMS,Nasdaq Stock Market-National Market System 
Mitsui Sumitomo Insurance Co. Ltd.,Japan,OTC,Over-the-Counter Market 
mmO2 plc,United Kingdom,NYSE,New York Stock Exchange 
Mobile Telesystems OJSC,Russia,NYSE,New York Stock Exchange 
Modern Times Group MTG AB,Sweden,NMS,Nasdaq Stock Market-National Market System 
Moore Corp. Ltd.,Canada,NYSE,New York Stock Exchange 
"Mountain Province Diamonds, Inc.",Canada,OTC,Over-the-Counter Market 
M-Systems Flash Disk Pioneers Ltd.,Israel,NMS,Nasdaq Stock Market-National Market System 
MTR Corp.,Hong Kong,OTC,Over-the-Counter Market 
Multicanal S.A.,Argentina,OTC,Over-the-Counter Market 
Murrin Murrin Holdings Pty Ltd.,Australia,OTC,Over-the-Counter Market 
Nam Tai Electronics Inc.,British Virgin Islands,NMS,Nasdaq Stock Market-National Market System 
Namibian Minerals Corp.,Canada,NMS,Nasdaq Stock Market-National Market System 
National Australia Bank Ltd.,Australia,NYSE,New York Stock Exchange 
National Bank of Greece S.A.,Greece,NYSE,New York Stock Exchange 
National Grid Group plc,United Kingdom,NYSE,New York Stock Exchange 
National Westminster plc,United Kingdom,NYSE,New York Stock Exchange 
NCE Petrofund Ltd.,Canada,AMEX,American Stock Exchange 
NDS Group plc,United Kingdom,NMS,Nasdaq Stock Market-National Market System 
NDT Ventures Ltd.,Canada,OTC,Over-the-Counter Market 
NEC Corp.,Japan,NMS,Nasdaq Stock Market-National Market System 
Nera ASA,Norway,NMS,Nasdaq Stock Market-National Market System 
Net Matrix Ltd.,British Virgin Islands,OTC,Over-the-Counter Market 
Net Nanny Software International Inc.,Canada,OTC,Over-the-Counter Market 
Net Sat Servicos Ltda.,Brazil,OTC,Over-the-Counter Market 
Netco Energy Inc.,Canada,OTC,Over-the-Counter Market 
Netease.com Inc.,Cayman Islands,NMS,Nasdaq Stock Market-National Market System 
Netia Holdings S.A.,Poland,NMS,Nasdaq Stock Market-National Market System 
Nettron.com Corp.,Canada,OTC,Over-the-Counter Market 
"New China Homes, Ltd.",Cayman Islands,NMS,Nasdaq Stock Market-National Market System 
New Millennium Metals Corp.,Canada,OTC,Over-the-Counter Market 
New Skies Satellites N.V.,Netherlands,NYSE,New York Stock Exchange 
New Tel Ltd.,Australia,SM CAP,Nasdaq Stock Market-Small Cap Market 
New York Broker Deutschland AG,Germany,OTC,Over-the-Counter Market 
NewKidCo International Inc.,Canada,OTC,Over-the-Counter Market 
News Corporation Ltd.,Australia,NYSE,New York Stock Exchange 
Nexen Inc.,Canada,NYSE,New York Stock Exchange 
Nexus Telocation Systems Ltd.,Israel,SM CAP,Nasdaq Stock Market-Small Cap Market 
Nice Systems Ltd.,Israel,NMS,Nasdaq Stock Market-National Market System 
Nicholas Financial Inc.,Canada,SM CAP,Nasdaq Stock Market-Small Cap Market 
Nidec Corp.,Japan,NYSE,New York Stock Exchange 
Nippon Telegraph and Telephone Corp.,Japan,NYSE,New York Stock Exchange 
Noga Electro-Mechanical Industries (1986) Ltd.,Israel,NMS,Nasdaq Stock Market-National Market System 
Nokia Corp.,Finland,NYSE,New York Stock Exchange 
"Nomura Holdings, Inc.",Japan,NYSE,New York Stock Exchange 
Norampac Inc.,Canada,OTC,Over-the-Counter Market 
Noranda Inc.,Canada,NYSE,New York Stock Exchange 
Nord Pacific Ltd.,Canada,OTC,Over-the-Counter Market 
Nordic American Tanker Shipping Ltd.,Bermuda,AMEX,American Stock Exchange 
Normandy Yandal Operations Ltd.,Australia,OTC,Over-the-Counter Market 
Norsat International Inc.,Canada,SM CAP,Nasdaq Stock Market-Small Cap Market 
Norsk Hydro A/S,Norway,NYSE,New York Stock Exchange 
Nortel Inversora S.A.,Argentina,NYSE,New York Stock Exchange 
Nortel Networks Corp.,Canada,NYSE,New York Stock Exchange 
North American Palladium Ltd.,Canada,AMEX,American Stock Exchange 
Northern Crown Mines Ltd.,Canada,OTC,Over-the-Counter Market 
Northern Offshore ASA,Norway,OTC,Over-the-Counter Market 
Northern Rock plc,United Kingdom,OTC,Over-the-Counter Market 
Nortran Pharmaceuticals Inc.,Canada,OTC,Over-the-Counter Market 
Nova Chemicals Corp.,Canada,NYSE,New York Stock Exchange 
Nova Gas Transmission Ltd.,Canada,NYSE,New York Stock Exchange 
Nova Measuring Instruments Ltd.,Israel,NMS,Nasdaq Stock Market-National Market System 
Novamerican Steel Inc.,Canada,NMS,Nasdaq Stock Market-National Market System 
Novartis AG,Switzerland,NYSE,New York Stock Exchange 
NovAtel Inc.,Canada,NMS,Nasdaq Stock Market-National Market System 
Novel Denim Holdings Ltd.,British Virgin Islands,NMS,Nasdaq Stock Market-National Market System 
Novogen Ltd.,Australia,NMS,Nasdaq Stock Market-National Market System 
Novo-Nordisk A/S,Denmark,NYSE,New York Stock Exchange 
Nur Macroprinters Ltd.,Israel,NMS,Nasdaq Stock Market-National Market System 
Nymox Pharmaceutical Corp.,Canada,NMS,Nasdaq Stock Market-National Market System 
O&Y Properties Corp.,Canada,OTC,Over-the-Counter Market 
O2micro International Ltd.,Cayman Islands,NMS,Nasdaq Stock Market-National Market System 
Occidente y Caribe Celular S.A.,Colombia,OTC,Over-the-Counter Market 
Oce N.V.,Netherlands,NMS,Nasdaq Stock Market-National Market System 
Ocean Rig ASA,Norway,OTC,Over-the-Counter Market 
Officeland Inc.,Canada,OTC,Over-the-Counter Market 
Olicom A/S,Denmark,OTC,Over-the-Counter Market 
Olympic Resources Ltd.,Canada,OTC,Over-the-Counter Market 
Omninet International Ltd.,Bermuda,OTC,Over-the-Counter Market 
Oncolytics Biotech Inc.,Canada,NMS,Nasdaq Stock Market-National Market System 
Open Joint Stock Company of Long Distance - Rostelecom,Russia,NYSE,New York Stock Exchange 
Open Text Co.,Canada,NMS,Nasdaq Stock Market-National Market System 
OpenTV Ltd.,British Virgin Islands,NMS,Nasdaq Stock Market-National Market System 
Optibase Ltd.,Israel,NMS,Nasdaq Stock Market-National Market System 
Optimal Robotics Corp.,Canada,NMS,Nasdaq Stock Market-National Market System 
Orange plc,United Kingdom,OTC,Over-the-Counter Market 
Orbital Engine Corp Ltd.,Australia,NYSE,New York Stock Exchange 
Orbotech Ltd.,Israel,NMS,Nasdaq Stock Market-National Market System 
Orchestream Holdings plc,United Kingdom,NMS,Nasdaq Stock Market-National Market System 
Orckit Communications Ltd.,Israel,NMS,Nasdaq Stock Market-National Market System 
Orient-Express Hotels Ltd.,Bermuda,NYSE,New York Stock Exchange 
Origin Energy Ltd.,Australia,OTC,Over-the-Counter Market 
Orix Corp.,Japan,NYSE,New York Stock Exchange 
Oromin Explorations Ltd.,Canada,OTC,Over-the-Counter Market 
Orthofix International N.V.,Neth. Antilles,NMS,Nasdaq Stock Market-National Market System 
Oxford Glycosciences plc,United Kingdom,NMS,Nasdaq Stock Market-National Market System 
P&O Princess Cruises plc,United Kingdom,NYSE,New York Stock Exchange 
P.T. Indah Kiat Pulp & Paper Corp Tbk,Indonesia,OTC,Over-the-Counter Market 
P.T. Indonesian Satellite Corp. Tbk,Indonesia,NYSE,New York Stock Exchange 
P.T. Pabrik Kertas Tjiwi Kimia Tbk,Indonesia,OTC,Over-the-Counter Market 
P.T. Pasifik Satelit Nusantara Tbk,Indonesia,OTC,Over-the-Counter Market 
P.T. Pindo Deli Pulp & Paper Mills,Indonesia,OTC,Over-the-Counter Market 
P.T. Telekomunikasi Indonesia Tbk,Indonesia,NYSE,New York Stock Exchange 
P.T. Tri Polyta Indonesia Tbk,Indonesia,OTC,Over-the-Counter Market 
Pacific Century Cyberworks Ltd.,Hong Kong,NYSE,New York Stock Exchange 
Pacific Dunlop Ltd.,Australia,NMS,Nasdaq Stock Market-National Market System 
Pacific Internet Ltd.,Singapore,NMS,Nasdaq Stock Market-National Market System 
Pacific North West Capital Corp.,Canada,OTC,Over-the-Counter Market 
Pacific Rim Mining Corp.,Canada,OTC,Over-the-Counter Market 
Pacifica Papers Inc.,Canada,OTC,Over-the-Counter Market 
Paladin Resources NL,Australia,OTC,Over-the-Counter Market 
Pan American Silver Co.,Canada,NMS,Nasdaq Stock Market-National Market System 
PanCanadian Energy Ltd.,Canada,NYSE,New York Stock Exchange 
Paperboard Industries International Corp.,Canada,OTC,Over-the-Counter Market 
Paradigm Geophysical Ltd.,Israel,NMS,Nasdaq Stock Market-National Market System 
Parthus Technologies plc,Ireland,NMS,Nasdaq Stock Market-National Market System 
Partner Communications Co. Ltd.,Israel,NMS,Nasdaq Stock Market-National Market System 
PartnerRe Ltd.,Bermuda,NYSE,New York Stock Exchange 
Pcom AG,Germany,NMS,Nasdaq Stock Market-National Market System 
PDVSA Finance Ltd.,Cayman Islands,OTC,Over-the-Counter Market 
Peace Arch Entertainment Group Inc.,Canada,AMEX,American Stock Exchange 
Peaksoft Multinet Corp.,Canada,OTC,Over-the-Counter Market 
Pearson plc,United Kingdom,NYSE,New York Stock Exchange 
Pechiney,France,NYSE,New York Stock Exchange 
Pepsi-Gemex S.A. de C.V.,Mexico,NYSE,New York Stock Exchange 
Perdigao S.A.,Brazil,NYSE,New York Stock Exchange 
Perez Companc S.A.,Argentina,NYSE,New York Stock Exchange 
Perle Systems Ltd.,Canada,SM CAP,Nasdaq Stock Market-Small Cap Market 
Peruvian Gold Ltd.,Canada,OTC,Over-the-Counter Market 
Petro-Canada,Canada,NYSE,New York Stock Exchange 
PetroChina Co. Ltd.,China,NYSE,New York Stock Exchange 
Petroleo Brasileiro S.A. - Petrobras,Brazil,NYSE,New York Stock Exchange 
Petroleos de Venezuela,Venezuela,NYSE,New York Stock Exchange 
Petroleos Mexicanos (Pemex),Mexico,OTC,Over-the-Counter Market 
Petroleum Geo-Services A/S,Norway,NYSE,New York Stock Exchange 
Petromin Resources Ltd.,Canada,OTC,Over-the-Counter Market 
Petsec Energy Ltd.,Australia,OTC,Over-the-Counter Market 
Pfeiffer Vacuum Technology AG,Germany,NYSE,New York Stock Exchange 
Philippine Long Distance Telephone Co.,Philippines,NYSE,New York Stock Exchange 
Philips Electronics N.V.,Netherlands,NYSE,New York Stock Exchange 
Photochannel Networks Inc.,Canada,OTC,Over-the-Counter Market 
Pioneer Corp.,Japan,NYSE,New York Stock Exchange 
Pivotal Corp.,Canada,NMS,Nasdaq Stock Market-National Market System 
PKI Solutions Inc.,Bahamas,OTC,Over-the-Counter Market 
Placer Dome Inc.,Canada,NYSE,New York Stock Exchange 
Plaintree Systems Ltd.,Canada,OTC,Over-the-Counter Market 
Playstar Corp.,Antigua,OTC,Over-the-Counter Market 
PLC Systems Inc.,Canada,AMEX,American Stock Exchange 
Pohang Iron & Steel Co. Ltd.,Korea,NYSE,New York Stock Exchange 
Polska Telefonia Cyfrowa Sp Z o o.,Poland,OTC,Over-the-Counter Market 
Polyair Inter Pack Inc.,Canada,AMEX,American Stock Exchange 
Polymet Mining Corp.,Canada,OTC,Over-the-Counter Market 
Portal Net Ltd.,British Virgin Islands,OTC,Over-the-Counter Market 
Portrush Petroleum Corp.,Canada,OTC,Over-the-Counter Market 
"Portugal Telecom, SGPS, S.A.",Portugal,NYSE,New York Stock Exchange 
Potash Corp. of Saskatchewan,Canada,NYSE,New York Stock Exchange 
PowerGen plc,United Kingdom,NYSE,New York Stock Exchange 
Precision Drilling Corp.,Canada,NYSE,New York Stock Exchange 
Preem Holdings AB,Sweden,OTC,Over-the-Counter Market 
Premier Farnell plc,United Kingdom,NYSE,New York Stock Exchange 
Premier International Foods plc,United Kingdom,OTC,Over-the-Counter Market 
PrimaCom AG,Germany,NMS,Nasdaq Stock Market-National Market System 
Princeton Media Group Inc.,Canada,OTC,Over-the-Counter Market 
Professional Staff plc,United Kingdom,NMS,Nasdaq Stock Market-National Market System 
Progen Industries Ltd.,Australia,SM CAP,Nasdaq Stock Market-Small Cap Market 
Pro-Market Global plc,United Kingdom,OTC,Over-the-Counter Market 
Protherics plc,United Kingdom,OTC,Over-the-Counter Market 
Provalis plc,United Kingdom,NMS,Nasdaq Stock Market-National Market System 
Provida Pension Fund Administrator,Chile,NYSE,New York Stock Exchange 
Provident Energy Trust,Canada,AMEX,American Stock Exchange 
Prudential plc,United Kingdom,NYSE,New York Stock Exchange 
"PSi Technologies Holdings, Inc.",Philippines,NMS,Nasdaq Stock Market-National Market System 
Publicis Groupe S.A.,France,NYSE,New York Stock Exchange 
Publicis-Ariely Ltd.,Israel,OTC,Over-the-Counter Market 
Pyng Technologies Corp.,Canada,OTC,Over-the-Counter Market 
QI Systems Inc.,Canada,OTC,Over-the-Counter Market 
Qiagen N.V.,Netherlands,NMS,Nasdaq Stock Market-National Market System 
"Qiao Xing Universal Telephone, Inc.",British Virgin Islands,NMS,Nasdaq Stock Market-National Market System 
QLT Inc.,Canada,NMS,Nasdaq Stock Market-National Market System 
QSC AG,Germany,NMS,Nasdaq Stock Market-National Market System 
QSound Labs Inc.,Canada,SM CAP,Nasdaq Stock Market-Small Cap Market 
Quartz Mountain Gold Corp.,Canada,OTC,Over-the-Counter Market 
Quebecor Inc.,Canada,OTC,Over-the-Counter Market 
Quebecor Media Inc.,Canada,OTC,Over-the-Counter Market 
Quebecor World Inc.,Canada,NYSE,New York Stock Exchange 
Queenstake Resources Ltd.,Canada,OTC,Over-the-Counter Market 
Quilmes Industrial Quinsa S.A.,Luxembourg,NYSE,New York Stock Exchange 
Quinenco S.A.,Chile,NYSE,New York Stock Exchange 
Quintalinux Ltd.,British Virgin Islands,NMS,Nasdaq Stock Market-National Market System 
QXL Ricardo plc,United Kingdom,NMS,Nasdaq Stock Market-National Market System 
Rada Electronic Industries Ltd.,Israel,NMS,Nasdaq Stock Market-National Market System 
Radcom Ltd.,Israel,NMS,Nasdaq Stock Market-National Market System 
Radica Games Ltd.,Bermuda,NMS,Nasdaq Stock Market-National Market System 
Radius Explorations Ltd.,Canada,OTC,Over-the-Counter Market 
Radvision Ltd.,Israel,NMS,Nasdaq Stock Market-National Market System 
Radware Ltd.,Israel,NMS,Nasdaq Stock Market-National Market System 
Randgold & Exploration Co. Ltd.,South Africa,NMS,Nasdaq Stock Market-National Market System 
Range Petroleum Corp.,Canada,OTC,Over-the-Counter Market 
Rank Group plc,United Kingdom,SM CAP,Nasdaq Stock Market-Small Cap Market 
Realax Software AG,Germany,OTC,Over-the-Counter Market 
"Receptagen, Ltd.",Canada,OTC,Over-the-Counter Market 
Rediff.com India Ltd.,India,NMS,Nasdaq Stock Market-National Market System 
Reed International plc,United Kingdom,NYSE,New York Stock Exchange 
Reg Technologies Inc.,Canada,OTC,Over-the-Counter Market 
Regional Independent Media Group plc,United Kingdom,OTC,Over-the-Counter Market 
Regus plc,United Kingdom,NMS,Nasdaq Stock Market-National Market System 
Repadre Capital Corp.,Canada,OTC,Over-the-Counter Market 
Repsol YPF S.A.,Spain,NYSE,New York Stock Exchange 
Republic Goldfields Inc.,Canada,OTC,Over-the-Counter Market 
Research in Motion Ltd.,Canada,NMS,Nasdaq Stock Market-National Market System 
Resource Finance & Investments Ltd.,Canada,OTC,Over-the-Counter Market 
Retalix Ltd.,Israel,NMS,Nasdaq Stock Market-National Market System 
Reuters Group plc,United Kingdom,NMS,Nasdaq Stock Market-National Market System 
Revenue Properties Co. Ltd.,Canada,OTC,Over-the-Counter Market 
Rhodia,France,NYSE,New York Stock Exchange 
Richmont Mines Inc.,Canada,AMEX,American Stock Exchange 
Ricoh Company Ltd.,Japan,OTC,Over-the-Counter Market 
Rio Algom Ltd.,Canada,OTC,Over-the-Counter Market 
Rio Narcea Gold Mines Ltd.,Canada,OTC,Over-the-Counter Market 
Rio Tinto Ltd.,Australia,OTC,Over-the-Counter Market 
Rio Tinto plc,United Kingdom,NYSE,New York Stock Exchange 
RIT Technologies Ltd.,Israel,NMS,Nasdaq Stock Market-National Market System 
Ritchie Bros. Auctioneers Inc.,Canada,NYSE,New York Stock Exchange 
Riverdeep Group plc,Ireland,NMS,Nasdaq Stock Market-National Market System 
RoboGroup T.E.K. Ltd.,Israel,SM CAP,Nasdaq Stock Market-Small Cap Market 
Robomatix Technologies Ltd.,Israel,OTC,Over-the-Counter Market 
Rockwell Ventures Inc.,Canada,OTC,Over-the-Counter Market 
Rogers Communications Inc.,Canada,NYSE,New York Stock Exchange 
Rogers Wireless Communications Inc.,Canada,NYSE,New York Stock Exchange 
Rosedale Decorative Products Ltd.,Canada,OTC,Over-the-Counter Market 
Royal & Sun Alliance Insurance Group plc,United Kingdom,NYSE,New York Stock Exchange 
Royal Ahold Ltd. - Koninklijke Ahold N.V.,Netherlands,NYSE,New York Stock Exchange 
Royal Bank of Canada,Canada,NYSE,New York Stock Exchange 
Royal Bank of Scotland Group,United Kingdom,NYSE,New York Stock Exchange 
Royal Caribbean Cruises Ltd.,Liberia,NYSE,New York Stock Exchange 
Royal Dutch Petroleum Co.,Netherlands,NYSE,New York Stock Exchange 
Royal Group Technologies Ltd.,Canada,NYSE,New York Stock Exchange 
Royal Olympic Cruise Lines Inc.,Liberia,NMS,Nasdaq Stock Market-National Market System 
Royal Standard Minerals Inc.,Canada,OTC,Over-the-Counter Market 
Rtica Corp.,Canada,OTC,Over-the-Counter Market 
Rubicon Minerals Corp.,Canada,OTC,Over-the-Counter Market 
Russel Metals Inc.,Canada,OTC,Over-the-Counter Market 
Ryanair Holdings plc,Ireland,NMS,Nasdaq Stock Market-National Market System 
Sadia S.A.,Brazil,NYSE,New York Stock Exchange 
SAES Getters S.p.A.,Italy,NMS,Nasdaq Stock Market-National Market System 
Samex Mining Corp.,Canada,OTC,Over-the-Counter Market 
San Antonios Resources Inc.,Canada,OTC,Over-the-Counter Market 
San Telmo Resources Ltd.,Canada,OTC,Over-the-Counter Market 
Sand Technology Inc.,Canada,NMS,Nasdaq Stock Market-National Market System 
Sanpaolo-IMI S.p.A.,Italy,NYSE,New York Stock Exchange 
Santa Isabel S.A.,Chile,NYSE,New York Stock Exchange 
SAP Aktiengesellschaft,Germany,NYSE,New York Stock Exchange 
Sapiens International Corp. N.V.,Neth. Antilles,NMS,Nasdaq Stock Market-National Market System 
Sappi Ltd.,South Africa,NYSE,New York Stock Exchange 
Satelites Mexicanos S.A. de C.V.,Mexico,OTC,Over-the-Counter Market 
Satyam Computer Services Ltd.,India,NYSE,New York Stock Exchange 
Satyam Infoway Ltd.,India,NMS,Nasdaq Stock Market-National Market System 
"Savia, S.A. de C.V.",Mexico,NYSE,New York Stock Exchange 
SBS Broadcasting S.A.,Luxembourg,NMS,Nasdaq Stock Market-National Market System 
Scania AB,Sweden,NYSE,New York Stock Exchange 
Schering Aktiengesellschaft,Germany,NYSE,New York Stock Exchange 
Schroder Ventures International Investment Trust,United Kingdom,OTC,Over-the-Counter Market 
Scitex Corp. Ltd.,Israel,NMS,Nasdaq Stock Market-National Market System 
Scoot.com plc,United Kingdom,OTC,Over-the-Counter Market 
SCOR,France,NYSE,New York Stock Exchange 
Scottish Power plc,United Kingdom,NYSE,New York Stock Exchange 
SCS Solars Computing Systems Inc.,Canada,OTC,Over-the-Counter Market 
Sea Containers Ltd.,Bermuda,NYSE,New York Stock Exchange 
Seat Pagine Gialle S.p.A.,Italy,OTC,Over-the-Counter Market 
Secureview Systems Inc.,Canada,OTC,Over-the-Counter Market 
Sense Technologies Inc.,Canada,SM CAP,Nasdaq Stock Market-Small Cap Market 
Serono S.A.,Switzerland,NYSE,New York Stock Exchange 
Seven Seas Petroleum Inc.,Canada,AMEX,American Stock Exchange 
SGL Carbon Aktiengesellschaft,Germany,NYSE,New York Stock Exchange 
Sharpe Resources Corp.,Canada,OTC,Over-the-Counter Market 
Shaw Communications Inc.,Canada,NYSE,New York Stock Exchange 
Shell Canada Ltd.,Canada,OTC,Over-the-Counter Market 
Shell Transport and Trading Co. Ltd.,United Kingdom,NYSE,New York Stock Exchange 
Siderca S.A.I.C.,Argentina,NYSE,New York Stock Exchange 
Sideware Systems Inc.,Canada,OTC,Over-the-Counter Market 
Siemens Aktiengesellschaft,Germany,NYSE,New York Stock Exchange 
"Sierra Wireless, Inc.",Canada,NMS,Nasdaq Stock Market-National Market System 
Signet Group plc,United Kingdom,NMS,Nasdaq Stock Market-National Market System 
Silent Witness Enterprises Inc.,Canada,SM CAP,Nasdaq Stock Market-Small Cap Market 
Silicom Ltd.,Israel,SM CAP,Nasdaq Stock Market-Small Cap Market 
Siliconware Precision Industries Co. Ltd.,Taiwan,NMS,Nasdaq Stock Market-National Market System 
Silver Standard Resources Inc.,Canada,SM CAP,Nasdaq Stock Market-Small Cap Market 
Silverado Gold Mines Ltd.,Canada,OTC,Over-the-Counter Market 
Silverline Technologies Ltd.,India,NYSE,New York Stock Exchange 
Sina.com,Cayman Islands,NMS,Nasdaq Stock Market-National Market System 
Sinopec Shanghai Petrochemical Co. Ltd.,China,NYSE,New York Stock Exchange 
Six Continents plc,United Kingdom,NYSE,New York Stock Exchange 
SK Telecom Corp.,Korea,NYSE,New York Stock Exchange 
Skyepharma plc,United Kingdom,NMS,Nasdaq Stock Market-National Market System 
SmarTire Systems Inc.,Canada,SM CAP,Nasdaq Stock Market-Small Cap Market 
Smartlogik Group plc,United Kingdom,NMS,Nasdaq Stock Market-National Market System 
Smedvig ASA,Norway,NYSE,New York Stock Exchange 
Smith & Nephew plc,United Kingdom,NYSE,New York Stock Exchange 
Softcare EC.com Inc.,Canada,OTC,Over-the-Counter Market 
Sonera Corp.,Finland,NMS,Nasdaq Stock Market-National Market System 
Song Networks Holding AB,Sweden,NMS,Nasdaq Stock Market-National Market System 
Song Networks N.V.,Netherlands,OTC,Over-the-Counter Market 
Sonus Corp.,Canada,AMEX,American Stock Exchange 
Sony Corp.,Japan,NYSE,New York Stock Exchange 
Sopheon plc,United Kingdom,OTC,Over-the-Counter Market 
Southwestern Resources Corp.,Canada,OTC,Over-the-Counter Market 
Sparkling Spring Water Group Ltd.,Canada,OTC,Over-the-Counter Market 
Spectrum Signal Processing Inc.,Canada,NMS,Nasdaq Stock Market-National Market System 
Spirent plc,United Kingdom,NYSE,New York Stock Exchange 
Sportech plc,United Kingdom,OTC,Over-the-Counter Market 
Spur Ventures Inc.,Canada,OTC,Over-the-Counter Market 
SQM - Sociedad Quimica y Minera S.A.,Chile,NYSE,New York Stock Exchange 
ST Assembly Test Services Ltd.,Singapore,NMS,Nasdaq Stock Market-National Market System 
Stagecoach Holdings plc,United Kingdom,OTC,Over-the-Counter Market 
Stake Technology Ltd.,Canada,SM CAP,Nasdaq Stock Market-Small Cap Market 
Star Choice Communications Inc.,Canada,OTC,Over-the-Counter Market 
Star Resources Corp.,Canada,OTC,Over-the-Counter Market 
Starfield Resources Inc.,Canada,OTC,Over-the-Counter Market 
Stargate Entertainment Inc.,Canada,OTC,Over-the-Counter Market 
Statoil ASA,Norway,NYSE,New York Stock Exchange 
Stelmar Shipping Ltd.,Liberia,NYSE,New York Stock Exchange 
Stena Line AB,Sweden,OTC,Over-the-Counter Market 
STET Hellas Telecommunications S.A.,Greece,NMS,Nasdaq Stock Market-National Market System 
STMicroelectronics N.V.,Netherlands,NYSE,New York Stock Exchange 
Stockscape.com Technology Inc.,Canada,OTC,Over-the-Counter Market 
Stolt Nielsen S.A.,Luxembourg,NMS,Nasdaq Stock Market-National Market System 
Stolt Offshore S.A.,Luxembourg,NMS,Nasdaq Stock Market-National Market System 
Stora Enso OYJ,Finland,NYSE,New York Stock Exchange 
Stressgen Biotechnologies Corp.,Canada,OTC,Over-the-Counter Market 
Suez,France,NYSE,New York Stock Exchange 
Sulzer Medica Ltd.,Switzerland,NYSE,New York Stock Exchange 
Sun International Hotels Ltd.,Bahamas,NYSE,New York Stock Exchange 
Sun Life Financial Services of Canada,Canada,NYSE,New York Stock Exchange 
Sun Media Corp.,Canada,OTC,Over-the-Counter Market 
Suncor Energy Inc.,Canada,NYSE,New York Stock Exchange 
Sunday Communications Ltd.,Cayman Islands,NMS,Nasdaq Stock Market-National Market System 
Sungold Entertainment Corp.,Canada,OTC,Over-the-Counter Market 
Supermercados Unimarc S.A.,Chile,NYSE,New York Stock Exchange 
Super-Sol Ltd.,Israel,NYSE,New York Stock Exchange 
Swedish Export Credit Corp.,Sweden,NYSE,New York Stock Exchange 
Swedish Match AB,Sweden,NMS,Nasdaq Stock Market-National Market System 
Swisscom,Switzerland,NYSE,New York Stock Exchange 
Syngenta AG,Switzerland,NYSE,New York Stock Exchange 
SYNSORB Biotech Inc.,Canada,NMS,Nasdaq Stock Market-National Market System 
T.V.G. Technologies Ltd.,Israel,OTC,Over-the-Counter Market 
Taiwan Semiconductor Manufacturing Co. Ltd.,Taiwan,NYSE,New York Stock Exchange 
Talisman Energy Inc.,Canada,NYSE,New York Stock Exchange 
Talisman Enterprise Inc.,Canada,OTC,Over-the-Counter Market 
Taro Pharmaceutical Industries Ltd.,Israel,NMS,Nasdaq Stock Market-National Market System 
Taseko Mines Ltd.,Canada,OTC,Over-the-Counter Market 
TAT Technologies Ltd.,Israel,NMS,Nasdaq Stock Market-National Market System 
TDC A/S,Denmark,NYSE,New York Stock Exchange 
TDK Corp.,Japan,NYSE,New York Stock Exchange 
TDL Infomedia Group plc,United Kingdom,OTC,Over-the-Counter Market 
Technip-Coflexip,France,NYSE,New York Stock Exchange 
Techsite Strategies Corp.,Canada,OTC,Over-the-Counter Market 
Teck Ltd.,Canada,OTC,Over-the-Counter Market 
Tecnomatix Technologies Ltd.,Israel,NMS,Nasdaq Stock Market-National Market System 
Teekay Shipping Inc.,Marshall Islands,NYSE,New York Stock Exchange 
Tefron Ltd.,Israel,NYSE,New York Stock Exchange 
Tele Celular Sul Participacoes S.A.,Brazil,NYSE,New York Stock Exchange 
Tele Centro Oeste Celular Participacoes S.A.,Brazil,NYSE,New York Stock Exchange 
Tele Leste Celular Participacoes S.A.,Brazil,NYSE,New York Stock Exchange 
Tele Nordeste Celular Participacoes S.A.,Brazil,NYSE,New York Stock Exchange 
Tele Norte Celular Participacoes S.A.,Brazil,NYSE,New York Stock Exchange 
Tele Norte Leste Participacoes S.A.,Brazil,NYSE,New York Stock Exchange 
Tele Sudeste Celular Participacoes S.A.,Brazil,NYSE,New York Stock Exchange 
Tele2 AB,Sweden,NMS,Nasdaq Stock Market-National Market System 
Telebras S.A.,Brazil,OTC,Over-the-Counter Market 
Telecom Argentina STET France Telecom S.A.,Argentina,NYSE,New York Stock Exchange 
Telecom Corp of New Zealand Ltd.,New Zealand,NYSE,New York Stock Exchange 
Telecom Italia S.p.A.,Italy,NYSE,New York Stock Exchange 
Telecomunicaios de Sao Paulo S.A. - Telesp,Brazil,NYSE,New York Stock Exchange 
Telefonaktiebolaget L M Ericsson,Sweden,NMS,Nasdaq Stock Market-National Market System 
Telefonica de Argentina S.A.,Argentina,NYSE,New York Stock Exchange 
Telefonica del Peru S.A.,Peru,NYSE,New York Stock Exchange 
"Telefonica Holding of Argentina, Inc.",Argentina,OTC,Over-the-Counter Market 
"Telefonica Moviles, S.A.",Spain,NYSE,New York Stock Exchange 
Telefonica S.A.,Spain,NYSE,New York Stock Exchange 
Telefonos de Mexico S.A. de C.V.,Mexico,NYSE,New York Stock Exchange 
Teleglobe Inc.,Canada,OTC,Over-the-Counter Market 
Telekom Austria,Austria,NYSE,New York Stock Exchange 
Telemig Celular Participacoes S.A.,Brazil,NYSE,New York Stock Exchange 
Telenor ASA,Norway,NMS,Nasdaq Stock Market-National Market System 
Telesis North Communications Inc.,Canada,OTC,Over-the-Counter Market 
Telesp Celular Participacoes S.A.,Brazil,NYSE,New York Stock Exchange 
Telesystem International Wireless Inc.,Canada,NMS,Nasdaq Stock Market-National Market System 
TeleWest Communications plc,United Kingdom,NMS,Nasdaq Stock Market-National Market System 
Telex Chile S.A.,Chile,NYSE,New York Stock Exchange 
Telstra Corp Ltd.,Australia,NYSE,New York Stock Exchange 
Telus Corp.,Canada,NYSE,New York Stock Exchange 
Tembec Industries Inc.,Canada,OTC,Over-the-Counter Market 
Terra Networks S.A.,Spain,NMS,Nasdaq Stock Market-National Market System 
Terra Nova Bermuda Holdings Ltd.,Bermuda,OTC,Over-the-Counter Market 
Tesco Corp.,Canada,NMS,Nasdaq Stock Market-National Market System 
Tesma International Inc.,Canada,NMS,Nasdaq Stock Market-National Market System 
Teva Pharmaceutical Industries Ltd.,Israel,NMS,Nasdaq Stock Market-National Market System 
Tevecap S.A.,Brazil,OTC,Over-the-Counter Market 
Texon International plc,United Kingdom,OTC,Over-the-Counter Market 
"TFM, S.A. de C.V.",Mexico,OTC,Over-the-Counter Market 
Thermo Tech Technologies Corp.,Canada,OTC,Over-the-Counter Market 
Thinkpath.com Inc.,Canada,SM CAP,Nasdaq Stock Market-Small Cap Market 
Thomson Corp,Canada,OTC,Over-the-Counter Market 
Thomson Multimedia,France,NYSE,New York Stock Exchange 
Thrilltime Entertainment International Inc.,Canada,OTC,Over-the-Counter Market 
Thrush Industries Inc.,Canada,OTC,Over-the-Counter Market 
Tioga Technologies Ltd.,Israel,OTC,Over-the-Counter Market 
Titan Trading Analytics Inc.,Canada,OTC,Over-the-Counter Market 
TLC The Laser Center Inc.,Canada,NMS,Nasdaq Stock Market-National Market System 
TM Group Holdings plc,United Kingdom,OTC,Over-the-Counter Market 
"Tokio Marine & Fire Insurance Co., Ltd.",Japan,NMS,Nasdaq Stock Market-National Market System 
Tomkins plc,United Kingdom,NYSE,New York Stock Exchange 
Toolex International N.V.,Netherlands,OTC,Over-the-Counter Market 
Top Image Systems Ltd.,Israel,SM CAP,Nasdaq Stock Market-Small Cap Market 
Toronto-Dominion Bank,Canada,NYSE,New York Stock Exchange 
TotalFinaElf S.A.,France,NYSE,New York Stock Exchange 
Tower Semiconductor Ltd.,Israel,NMS,Nasdaq Stock Market-National Market System 
Toyota Motor Corp.,Japan,NYSE,New York Stock Exchange 
TPG N.V.,Netherlands,NYSE,New York Stock Exchange 
TPN Holdings plc,United Kingdom,AMEX,American Stock Exchange 
Tracer Petroleum Corp.,Canada,OTC,Over-the-Counter Market 
Trade Wind Communications Ltd.,Bermuda,OTC,Over-the-Counter Market 
Trader.com N.V.,Netherlands,NMS,Nasdaq Stock Market-National Market System 
TradeRadius Online Inc.,Canada,OTC,Over-the-Counter Market 
Tramford International Ltd.,British Virgin Islands,NMS,Nasdaq Stock Market-National Market System 
TransAlta Corp.,Canada,NYSE,New York Stock Exchange 
TransCanada Pipelines Ltd.,Canada,NYSE,New York Stock Exchange 
Transco plc,United Kingdom,NYSE,New York Stock Exchange 
Transcom Worldwide S.A.,Luxembourg,NMS,Nasdaq Stock Market-National Market System 
Transgene S.A.,France,NMS,Nasdaq Stock Market-National Market System 
Transglobe Energy Corp.,Canada,OTC,Over-the-Counter Market 
Trans-Orient Petroleum Inc.,Canada,OTC,Over-the-Counter Market 
Transportadora de Gas del Sur S.A.,Argentina,NYSE,New York Stock Exchange 
Transtel S.A.,Colombia,OTC,Over-the-Counter Market 
Tranz Rail Holdings Ltd.,New Zealand,NMS,Nasdaq Stock Market-National Market System 
Travelex plc,United Kingdom,OTC,Over-the-Counter Market 
Trenche Electric S.A.,France,OTC,Over-the-Counter Market 
Trend Micro Inc.,Japan,NMS,Nasdaq Stock Market-National Market System 
Triant Technologies Inc.,Canada,OTC,Over-the-Counter Market 
Triband Resource Corp.,Canada,OTC,Over-the-Counter Market 
"Tricom, S.A.",Dominican Republic,NYSE,New York Stock Exchange 
Trimark Oil & Gas Ltd.,Canada,OTC,Over-the-Counter Market 
Trinity Biotech plc,Ireland,SM CAP,Nasdaq Stock Market-Small Cap Market 
Trintech Group plc,Ireland,NMS,Nasdaq Stock Market-National Market System 
Triple P N.V.,Netherlands,SM CAP,Nasdaq Stock Market-Small Cap Market 
Trivalence Mining Corp.,Canada,OTC,Over-the-Counter Market 
Trizec Hahn Corp.,Canada,NYSE,New York Stock Exchange 
Trooper Technologies Inc.,Canada,OTC,Over-the-Counter Market 
TTI Team Telecom International Ltd.,Israel,NMS,Nasdaq Stock Market-National Market System 
Tubos de Acero de Mexico S.A.,Mexico,AMEX,American Stock Exchange 
Turbodyne Technologies Inc.,Canada,OTC,Over-the-Counter Market 
Turkcell Iletisim Hizmetleri AS,Turkey,NYSE,New York Stock Exchange 
"TV Azteca, S.A. de C.V.",Mexico,NYSE,New York Stock Exchange 
TVX Gold Inc.,Canada,NYSE,New York Stock Exchange 
Twin Mining Corp.,Canada,OTC,Over-the-Counter Market 
UBS AG,Switzerland,NYSE,New York Stock Exchange 
Ultra Petroleum Corp.,Canada,OTC,Over-the-Counter Market 
Ultrapar Participacoes S.A.,Brazil,NYSE,New York Stock Exchange 
Ultrapetrol (Bahamas) Ltd.,Bahamas,OTC,Over-the-Counter Market 
Unibail,France,OTC,Over-the-Counter Market 
Unibanco Holdings S.A.,Brazil,NYSE,New York Stock Exchange 
Unibanco-Uniao de Bancos Brasileiros S.A.,Brazil,NYSE,New York Stock Exchange 
Uniglobe.com Inc.,Canada,OTC,Over-the-Counter Market 
Unilens Vision Inc.,Canada,OTC,Over-the-Counter Market 
Unilever N.V.,Netherlands,NYSE,New York Stock Exchange 
Unilever plc,United Kingdom,NYSE,New York Stock Exchange 
United Biscuits Finance plc,United Kingdom,OTC,Over-the-Counter Market 
United Business Media plc,United Kingdom,NMS,Nasdaq Stock Market-National Market System 
United Microelectronics Corp.,Taiwan,NYSE,New York Stock Exchange 
United Utilities plc,United Kingdom,NYSE,New York Stock Exchange 
Universal Domains Inc.,Canada,OTC,Over-the-Counter Market 
UPM Kymmene Miramichi Inc.,Canada,OTC,Over-the-Counter Market 
UPM-Kymmene OYJ,Finland,NYSE,New York Stock Exchange 
Usinor Sacilor,France,OTC,Over-the-Counter Market 
UTi Worldwide Inc.,British Virgin Islands,NMS,Nasdaq Stock Market-National Market System 
Van der Moolen Holding N.V.,Netherlands,NYSE,New York Stock Exchange 
Vancan Capital Corp.,Canada,OTC,Over-the-Counter Market 
Vannessa Ventures Ltd.,Canada,OTC,Over-the-Counter Market 
Vantico Group S.A.,Luxembourg,OTC,Over-the-Counter Market 
"Vasogen, Inc.",Canada,AMEX,American Stock Exchange 
Venture Pacific Development Corp.,Canada,OTC,Over-the-Counter Market 
Verena Minerals Corp.,Canada,OTC,Over-the-Counter Market 
Veritas Holdings GmbH,Germany,OTC,Over-the-Counter Market 
Vernalis Group plc,United Kingdom,OTC,Over-the-Counter Market 
Veronex Technologies Inc.,Canada,OTC,Over-the-Counter Market 
Versatel Telecom International N.V.,Netherlands,NMS,Nasdaq Stock Market-National Market System 
VI Group plc,United Kingdom,OTC,Over-the-Counter Market 
Videsh Sanchar Nigam Ltd.,India,NYSE,New York Stock Exchange 
Vimpel Communications,Russia,NYSE,New York Stock Exchange 
Vina Concha y Toro S.A.,Chile,NYSE,New York Stock Exchange 
Virgin Express Holdings plc,United Kingdom,NMS,Nasdaq Stock Market-National Market System 
Virginia Gold Mines Inc.,Canada,OTC,Over-the-Counter Market 
VirtualSellers.com Inc,Canada,OTC,Over-the-Counter Market 
Viryanet Ltd.,Israel,NMS,Nasdaq Stock Market-National Market System 
Visible Genetics Inc.,Canada,NMS,Nasdaq Stock Market-National Market System 
Vista Gold Corp.,Canada,AMEX,American Stock Exchange 
Vitran Co. Ltd.,Canada,AMEX,American Stock Exchange 
Vitro S.A.,Mexico,NYSE,New York Stock Exchange 
Vivendi Environment,France,NYSE,New York Stock Exchange 
Vivendi Universal,France,NYSE,New York Stock Exchange 
Vocaltec Communications Ltd.,Israel,NMS,Nasdaq Stock Market-National Market System 
Vodafone Group plc,United Kingdom,NYSE,New York Stock Exchange 
VoiceIQ Inc.,Canada,OTC,Over-the-Counter Market 
Votorantim Celulose e Papel S.A.,Brazil,NYSE,New York Stock Exchange 
W.P. Stewart & Co. Ltd.,Bermuda,NYSE,New York Stock Exchange 
Wacoal Corp.,Japan,SM CAP,Nasdaq Stock Market-Small Cap Market 
Waterford Wedgwood plc,Ireland,NMS,Nasdaq Stock Market-National Market System 
Waterford Wedgwood UK plc,United Kingdom,OTC,Over-the-Counter Market 
Wavecom S.A.,France,NMS,Nasdaq Stock Market-National Market System 
Wescast Industries Inc.,Canada,NMS,Nasdaq Stock Market-National Market System 
Westaim Corp.,Canada,NMS,Nasdaq Stock Market-National Market System 
Westcoast Energy Inc.,Canada,NYSE,New York Stock Exchange 
Westpac Banking Corp.,Australia,NYSE,New York Stock Exchange 
Wharf Holdings Ltd.,Hong Kong,OTC,Over-the-Counter Market 
"WideCom Group, Inc.",Canada,OTC,Over-the-Counter Market 
William Hill Ltd.,United Kingdom,OTC,Over-the-Counter Market 
Willis Group Holdings Ltd.,Bermuda,NYSE,New York Stock Exchange 
Willis Group Ltd.,United Kingdom,OTC,Over-the-Counter Market 
Wipro Ltd.,India,NYSE,New York Stock Exchange 
WMC Ltd.,Australia,NYSE,New York Stock Exchange 
Wolseley plc,United Kingdom,NYSE,New York Stock Exchange 
Workstream Inc.,Canada,SM CAP,Nasdaq Stock Market-Small Cap Market 
World Gaming plc,United Kingdom,OTC,Over-the-Counter Market 
World Heart Corp.,Canada,SM CAP,Nasdaq Stock Market-Small Cap Market 
World Ventures Inc.,Canada,OTC,Over-the-Counter Market 
WorldWide Technologies Inc.,Canada,OTC,Over-the-Counter Market 
WPP Group plc,United Kingdom,NMS,Nasdaq Stock Market-National Market System 
Xcelera.com Inc.,Cayman Islands,AMEX,American Stock Exchange 
Xeikon N.V.,Belgium,NMS,Nasdaq Stock Market-National Market System 
Xenova Group plc,United Kingdom,NMS,Nasdaq Stock Market-National Market System 
Yanzhou Coal Mining Co. Ltd.,China,NYSE,New York Stock Exchange 
Yellow Pages Ltd.,Netherlands,OTC,Over-the-Counter Market 
Yorkshire Power Group Ltd.,United Kingdom,NYSE,New York Stock Exchange 
YPF S.A.,Argentina,NYSE,New York Stock Exchange 
Zarlink Semiconductor Inc.,Canada,NYSE,New York Stock Exchange 
Zemex Corp.,Canada,NYSE,New York Stock Exchange 
Zi Corp.,Canada,SM CAP,Nasdaq Stock Market-Small Cap Market 
Ztest Electronics Inc.,Canada,OTC,Over-the-Counter Market 
